Pos,ID,Name,BV,SV,Team,2_xMins,2_Pts,3_xMins,3_Pts,4_xMins,4_Pts,5_xMins,5_Pts,6_xMins,6_Pts,7_xMins,7_Pts,8_xMins,8_Pts,9_xMins,9_Pts
M,2368,Alfie Chang,4.5,4.5,Birmingham City,0,0.0,4.1,0.1,8.3,0.2,12.4,0.3,16.6,0.4,20.7,0.6,24.9,0.6,29,0.0
D,84,Dion Sanderson,5,5,Birmingham City,77,2.2,76.7,2.6,76.9,2.8,77.1,2.4,77.4,2.7,77.6,2.5,77.8,2.9,78,0.0
D,2800,Emmanuel Longelo,5,5,Birmingham City,0,0.0,6.6,0.3,13.1,0.6,19.7,0.7,26.3,1.1,32.9,1.4,39.4,1.8,46,0.0
D,2253,Ethan Laird,5.5,5.5,Birmingham City,45,1.4,45,1.7,45,1.8,45,1.5,45,1.7,45,1.6,45,1.8,45,0.0
M,215,Gary Gardner,5,5,Birmingham City,0,0.0,0.0,0.0,0.0,0.0,0.0,0.0,0.0,0.0,0.0,0.0,0.0,0.0,0,0.0
M,2433,George Hall,5,5,Birmingham City,0,0.0,6.7,0.2,13.4,0.4,20.1,0.5,26.9,0.8,33.6,1.2,40.3,1.2,47,0.0
G,2732,John Ruddy,5,5,Birmingham City,84,3.3,84.2,3.0,84.9,3.6,85.5,3.5,86.1,3.1,86.7,2.9,87.4,3.8,88,0.0
M,2402,Jordan James,4.5,4.5,Birmingham City,54,1.4,48.1,1.4,42.6,1.2,37.1,1.0,31.5,0.9,26.0,0.9,20.5,0.6,15,0.0
D,2778,Josh Williams,4,4,Birmingham City,0,0.0,0.0,0.0,0.0,0.0,0.0,0.0,0.0,0.0,0.0,0.0,0.0,0.0,0,0.0
M,58,Juninho Bacuna,6,6,Birmingham City,58,2.2,58.5,2.5,58.7,2.8,59.0,2.2,59.2,2.4,59.5,3.1,59.7,2.8,60,0.0
M,1645,Keshi Anderson,6,6,Birmingham City,0,0.0,0.0,0.0,0.0,0.0,0.0,0.0,0.0,0.0,0.0,0.0,0.0,0.0,0,0.0
D,2642,Kevin Long,5,5,Birmingham City,53,1.6,57.8,2.1,62.1,2.4,66.5,2.1,70.9,2.5,75.3,2.6,79.6,3.1,84,0.0
M,3813,Kijo Miyoshi,6,6,Birmingham City,39,1.5,39,1.6,39,1.8,39,1.4,39,1.6,39,2.0,39,1.7,39,0.0
M,644,Krystian Bielik,5,5,Birmingham City,71,1.8,72.9,2.2,74.4,2.2,75.9,1.9,77.5,2.2,79.0,2.7,80.5,2.3,82,0.0
D,623,Lee Buchanan,5,5,Birmingham City,45,1.2,45,1.4,45,1.4,45,1.3,45,1.4,45,1.3,45,1.5,45,0.0
F,220,Lukas Jutkiewicz,5.5,5.5,Birmingham City,35,1.3,38.1,1.4,41.8,1.9,45.4,1.6,49.1,1.7,52.7,2.3,56.4,2.4,60,0.0
D,201,Marc Roberts,5,5,Birmingham City,43,1.3,46.5,1.7,49.6,1.9,52.7,1.7,55.7,2.0,58.8,2.0,61.9,2.3,65,0.0
D,2367,Marcel Oakley,4,4,Birmingham City,0,0.0,0.0,0.0,0.0,0.0,0.0,0.0,0.0,0.0,0.0,0.0,0.0,0.0,0,0.0
G,117,Neil Leonard Dula Etheridge,4.5,4.5,Birmingham City,0,0.0,0.0,0.0,0.0,0.0,0.0,0.0,0.0,0.0,0.0,0.0,0.0,0.0,0,0.0
D,957,Nico Gordon,4,4,Birmingham City,0,0.0,0.0,0.0,0.0,0.0,0.0,0.0,0.0,0.0,0.0,0.0,0.0,0.0,0,0.0
F,1416,Sam Cosgrove,5,5,Birmingham City,0,0.0,0,0.0,0,0.0,0,0.0,0,0.0,0,0.0,0,0.0,0,0.0
F,229,Scott Hogan,6.5,6.5,Birmingham City,70,2.5,67.4,2.6,65.4,3.0,63.3,2.3,61.2,2.2,59.1,2.6,57.1,2.5,55,0.0
M,1609,Siriki Dembélé,6,6,Birmingham City,41,1.1,41,1.4,41,1.4,41,1.2,41,1.3,41,1.5,41,1.3,41,0.0
M,498,Tyler Roberts,6,6,Birmingham City,63,3.1,63,3.5,63,4.0,63,3.0,63,3.2,63,4.2,63,3.9,63,0.0
G,1265,Zach Jeacock,4,4,Birmingham City,0,0.0,0.0,0.0,0.0,0.0,0.0,0.0,0.0,0.0,0.0,0.0,0.0,0.0,0,0.0
M,2555,Adam Wharton,5,5,Blackburn Rovers,71,3.1,67.9,2.4,65.3,2.3,62.6,2.7,60.0,1.9,57.3,2.0,54.7,1.9,52,0.0
M,3815,Arnor Sigurdsson,7,7,Blackburn Rovers,0,0.0,0,0.0,0,0.0,0,0.0,0,0.0,0,0.0,0,0.0,0,0.0
D,2770,Ashley Phillips,4.5,4.5,Blackburn Rovers,0,0.0,0.0,0.0,0.0,0.0,0.0,0.0,0.0,0.0,0.0,0.0,0.0,0.0,0,0.0
G,654,Aynsley Pears,5,5,Blackburn Rovers,72,2.3,70.1,3.1,68.3,2.4,66.4,2.1,64.6,2.5,62.7,2.7,60.9,2.1,59,0.0
D,1313,Callum Brittain,5.5,5.5,Blackburn Rovers,0,0.0,3.9,0.2,7.7,0.3,11.6,0.5,15.4,0.6,19.3,0.9,23.1,1.0,27,0.0
M,2508,Dilan Markanday,5,5,Blackburn Rovers,7,0.2,5.8,0.2,4.9,0.1,3.9,0.1,2.9,0.1,1.9,0.1,1.0,0.0,0,0.0
D,1077,Dominic Hyam,5.5,5.5,Blackburn Rovers,80,2.5,81.0,3.3,82.0,2.8,83.0,2.7,84.0,2.7,85.0,3.3,86.0,3.0,87,0.0
F,3586,Harry Leonard,5,5,Blackburn Rovers,0,0.0,0.0,0.0,0.0,0.0,0.0,0.0,0.0,0.0,0.0,0.0,0.0,0.0,0,0.0
D,1676,Harry Pickering,5.5,5.5,Blackburn Rovers,71,2.5,72.4,3.2,74.0,2.7,75.6,2.7,77.2,2.7,78.8,3.2,80.4,2.9,82,0.0
D,586,Hayden Carter,5,5,Blackburn Rovers,77,2.3,77.0,3.1,77.0,2.6,77.0,2.4,77.0,2.4,77.0,2.8,77.0,2.6,77,0.0
F,946,Jack Vale,5,5,Blackburn Rovers,0,0.0,5.3,0.2,10.6,0.3,15.9,0.5,21.1,0.6,26.4,0.7,31.7,0.8,37,0.0
M,2174,Jake Garrett,4.5,4.5,Blackburn Rovers,0,0.0,0.0,0.0,0.0,0.0,0.0,0.0,0.0,0.0,0.0,0.0,0.0,0.0,0,0.0
D,596,Joe Rankin-Costello,5.5,5.5,Blackburn Rovers,68,3.6,70.4,4.1,72.9,3.3,75.3,3.8,77.7,3.4,80.1,4.3,82.6,3.8,85,0.0
M,597,John Buckley,6,6,Blackburn Rovers,0,0.0,7.7,0.3,15.4,0.5,23.1,1.0,30.9,0.9,38.6,1.2,46.3,1.5,54,0.0
M,585,Lewis Travis,5.5,5.5,Blackburn Rovers,71,3.0,71.5,2.4,71.7,2.4,72.0,3.0,72.2,2.1,72.5,2.3,72.7,2.3,73,0.0
F,3606,Niall Nathan Michael Ennis,6,6,Blackburn Rovers,0,0.0,0,0.0,0,0.0,0,0.0,0,0.0,0,0.0,0,0.0,0,0.0
M,2531,Ryan Hedges,6.5,6.5,Blackburn Rovers,66,4.4,63.9,3.5,61.4,3.0,58.9,3.7,56.5,2.5,54.0,2.8,51.5,2.5,49,0.0
F,599,Sam Gallagher,6.5,6.5,Blackburn Rovers,0,0.0,9.3,0.4,18.6,0.8,27.9,1.4,37.1,1.5,46.4,2.1,55.7,2.2,65,0.0
M,293,Samuel Szmodics,6.5,6.5,Blackburn Rovers,70,4.0,69.8,3.2,69.9,2.9,69.9,3.8,69.9,2.6,69.9,3.0,70.0,2.9,70,0.0
D,1268,Scott Wharton,5,5,Blackburn Rovers,0,0.0,5.0,0.2,10.0,0.4,15.0,0.5,20.0,0.7,25.0,1.0,30.0,1.1,35,0.0
M,3814,Sondre Tronstad,5.5,5.5,Blackburn Rovers,0,0.0,0,0.0,0,0.0,0,0.0,0,0.0,0,0.0,0,0.0,0,0.0
M,1269,Tyrhys Dolan,6.5,6.5,Blackburn Rovers,63,4.3,61.7,3.4,60.3,2.9,58.8,3.8,57.4,2.5,55.9,2.9,54.5,2.6,53,0.0
M,1440,Alex Scott,6,6,Bristol City,49,2.0,53.1,2.4,57.3,2.7,61.4,2.6,65.6,2.8,69.7,3.4,73.9,2.7,78,0.0
M,288,Andreas Weimann,7,7,Bristol City,62,2.5,61.1,2.6,60.6,2.8,60.1,2.5,59.5,2.4,59.0,2.8,58.5,2.1,58,0.0
M,60,Andy King,4.5,4.5,Bristol City,37,1.3,37.5,1.3,38.4,1.5,39.3,1.4,40.3,1.3,41.2,1.5,42.1,1.3,43,0.0
M,1319,Anis Mehmeti,6,6,Bristol City,44,2.2,43.6,2.4,43.0,2.5,42.4,2.2,41.8,2.2,41.2,2.6,40.6,1.8,40,0.0
M,2396,Ayman Benarous,4.5,4.5,Bristol City,0,0.0,0.0,0.0,0.0,0.0,0.0,0.0,0.0,0.0,0.0,0.0,0.0,0.0,0,0.0
D,1504,Cameron Pring,5,5,Bristol City,62,2.6,65.4,3.3,68.9,3.1,72.3,3.1,75.7,3.7,79.1,4.6,82.6,3.5,86,0.0
D,2316,George Tanner,5,5,Bristol City,64,2.1,64.5,2.3,64.9,2.0,65.3,2.2,65.8,2.3,66.2,2.6,66.6,2.4,67,0.0
M,938,Harry Cornick,6,6,Bristol City,47,2.5,46.3,2.8,46.1,2.9,45.9,2.5,45.6,2.7,45.4,3.2,45.2,2.1,45,0.0
D,3817,Haydon Roberts,5,5,Bristol City,41,1.3,41,1.5,41,1.2,41,1.3,41,1.4,41,1.6,41,1.4,41,0.0
M,628,Jason Knight,5.5,5.5,Bristol City,53,1.9,53,1.9,53,2.1,53,1.9,53,1.8,53,2.1,53,1.7,53,0.0
M,434,Joe Williams,5,5,Bristol City,42,1.9,43.3,2.1,44.9,2.3,46.5,2.1,48.2,2.2,49.8,2.7,51.4,2.0,53,0.0
D,437,Kal Naismith,5,5,Bristol City,47,1.8,49.1,2.1,51.4,1.9,53.7,2.0,56.1,2.3,58.4,2.8,60.7,2.4,63,0.0
M,2636,Mark Sykes,5.5,5.5,Bristol City,53,2.8,53.6,3.3,54.1,3.4,54.7,3.0,55.3,3.3,55.9,3.9,56.4,2.6,57,0.0
M,1323,Matty James,5,5,Bristol City,71,2.4,73.7,2.5,76.4,2.9,79.1,2.7,81.9,2.6,84.6,3.1,87.3,2.7,90,0.0
G,1255,Max O'Leary,4.5,4.5,Bristol City,86,2.9,85.3,3.4,85.1,2.9,84.9,2.9,84.6,3.4,84.4,3.5,84.2,3.0,84,0.0
F,305,Nahki Wells,7,7,Bristol City,33,1.5,36.9,2.1,40.4,2.1,43.9,2.1,47.5,2.5,51.0,3.2,54.5,2.2,58,0.0
D,1679,Rob Atkinson,5,5,Bristol City,40,1.7,44.3,2.1,48.4,2.0,52.5,2.2,56.7,2.6,60.8,3.3,64.9,2.7,69,0.0
D,1243,Robert Dickie,5,5,Bristol City,57,2.0,57,2.3,57,2.0,57,2.0,57,2.2,57,2.6,57,2.2,57,0.0
D,3816,Ross McCrorie,5,5,Bristol City,37,1.3,37,1.5,37,1.3,37,1.3,37,1.4,37,1.7,37,1.4,37,0.0
M,1505,Samuel John Bell,6,6,Bristol City,49,2.6,48.9,2.8,48.7,2.9,48.6,2.6,48.4,2.7,48.3,3.2,48.1,2.2,48,0.0
G,2724,Stefan Bajic,4,4,Bristol City,0,0.0,0.0,0.0,0.0,0.0,0.0,0.0,0.0,0.0,0.0,0.0,0.0,0.0,0,0.0
F,1439,Tommy Conway,6.5,6.5,Bristol City,60,2.8,59.5,3.2,58.6,3.0,57.7,2.6,56.7,3.0,55.8,3.4,54.9,2.2,54,0.0
D,279,Zak Vyner,5,5,Bristol City,85,2.8,85.2,3.2,85.8,2.9,86.5,3.0,87.1,3.2,87.7,3.8,88.4,3.1,89,0.0
M,1890,Aaron Ramsey,6.5,6.5,Cardiff City,61,2.3,61,2.0,61,2.1,61,2.0,61,2.0,61,1.9,61,2.2,61,0.0
M,142,Andrew Ferai Rinomhota,5,5,Cardiff City,0,0.0,6.1,0.2,12.3,0.3,18.4,0.5,24.6,0.6,30.7,0.8,36.9,1.1,43,0.0
M,299,Callum O'Dowda,5.5,5.5,Cardiff City,72,3.0,72.3,2.4,72.6,2.7,72.9,2.6,73.1,2.5,73.4,2.4,73.7,2.8,74,0.0
F,406,Callum Robinson,7,7,Cardiff City,76,4.5,75.4,3.0,74.5,4.0,73.6,3.2,72.7,3.3,71.8,3.1,70.9,3.3,70,0.0
D,3850,Dimitris Goutas,5,5,Cardiff City,0,0.0,0.0,0.0,0.0,0.0,0.0,0.0,0.0,0.0,0.0,0.0,0.0,0.0,0,0.0
M,2654,Ebou Adams,4.5,4.5,Cardiff City,0,0.0,0.0,0.0,0.0,0.0,0.0,0.0,0.0,0.0,0.0,0.0,0.0,0.0,0,0.0
F,3457,Ike Dominique Ugbo,6,6,Cardiff City,55,1.5,55,1.4,55,1.5,55,1.4,55,1.4,55,1.4,55,1.4,55,0.0
D,1022,Jack Simpson,4.5,4.5,Cardiff City,50,1.8,47.7,1.6,45.3,1.4,42.8,1.4,40.4,1.1,37.9,1.1,35.5,1.1,33,0.0
G,2653,Jak Alnwick,4.5,4.5,Cardiff City,0,0.0,0.0,0.0,0.0,0.0,0.0,0.0,0.0,0.0,0.0,0.0,0.0,0.0,0,0.0
D,2651,Jamilu Collins,5,5,Cardiff City,13,0.8,10.9,0.5,9.1,0.5,7.3,0.4,5.5,0.3,3.6,0.2,1.8,0.1,0,0.0
M,94,Joe Ralls,5,5,Cardiff City,65,2.7,64.3,2.1,63.6,2.3,62.9,2.2,62.1,2.1,61.4,2.0,60.7,2.2,60,0.0
D,80,Joel Bagan,4.5,4.5,Cardiff City,0,0.0,0.0,0.0,0.0,0.0,0.0,0.0,0.0,0.0,0.0,0.0,0.0,0.0,0,0.0
M,521,Josh Bowler,6,6,Cardiff City,37,1.8,37,1.4,37,1.6,37,1.5,37,1.4,37,1.4,37,1.6,37,0.0
F,67,Karlan Ahearne-Grant,8,8,Cardiff City,57,2.2,57,1.8,57,2.1,57,1.8,57,1.9,57,1.8,57,1.9,57,0.0
F,2767,Kion Etete,6,6,Cardiff City,0,0.0,7.1,0.2,14.3,0.5,21.4,0.6,28.6,0.9,35.7,1.1,42.9,1.3,50,0.0
D,316,Mahlon Beresford Baker Romeo,5,5,Cardiff City,0,0.0,8.9,0.3,17.7,0.6,26.6,1.0,35.4,1.1,44.3,1.4,53.1,1.9,62,0.0
D,1680,Mark McGuinness,5,5,Cardiff City,54,2.0,59.1,2.1,64.3,2.0,69.4,2.4,74.6,2.2,79.7,2.3,84.9,2.8,90,0.0
D,1402,Perry Ng,5.5,5.5,Cardiff City,86,4.0,85.2,3.4,84.8,3.3,84.5,3.4,84.1,3.0,83.7,2.9,83.4,3.3,83,0.0
M,391,Romaine Theodore Sawyers,5,5,Cardiff City,0,0.0,8.0,0.2,16.0,0.5,24.0,0.8,32.0,1.0,40.0,1.2,48.0,1.7,56,0.0
M,1413,Rubin Colwill,5.5,5.5,Cardiff City,0,0.0,3.1,0.1,6.3,0.3,9.4,0.4,12.6,0.5,15.7,0.6,18.9,0.9,22,0.0
G,1175,Ryan Allsop,5,5,Cardiff City,81,3.4,80.9,2.8,81.1,3.1,81.3,2.8,81.5,3.2,81.6,3.2,81.8,2.7,82,0.0
M,1681,Ryan Wintle,5.5,5.5,Cardiff City,81,3.2,81.5,2.7,82.4,3.0,83.3,2.9,84.3,2.8,85.2,2.7,86.1,3.2,87,0.0
M,1252,Sheyi Ojo,5.5,5.5,Cardiff City,0,0.0,5.7,0.2,11.4,0.4,17.1,0.6,22.9,0.8,28.6,1.0,34.3,1.3,40,0.0
D,2652,Vontae Daley-Campbell,4.5,4.5,Cardiff City,0,0.0,0.0,0.0,0.0,0.0,0.0,0.0,0.0,0.0,0.0,0.0,0.0,0.0,0,0.0
M,171,Yakou Meïté,6,6,Cardiff City,0,0.0,0,0.0,0,0.0,0,0.0,0,0.0,0,0.0,0,0.0,0,0.0
M,1249,Ben Sheaf,5.5,5.5,Coventry City,81,3.1,78.7,4.0,76.8,3.3,74.8,3.4,72.9,4.0,70.9,3.9,69.0,3.4,67,0.0
G,1144,Ben Wilson,5.5,5.5,Coventry City,45,1.7,50.9,1.6,56.7,2.3,62.6,2.6,68.4,2.2,74.3,2.4,80.1,3.7,86,0.0
D,3874,Bobby Thomas,5.5,5.5,Coventry City,53,1.7,53,1.9,53,2.1,53,2.3,53,1.8,53,1.8,53,2.5,53,0.0
G,837,Bradley Collins,5,5,Coventry City,45,1.4,45,1.3,45,1.6,45,1.7,45,1.3,45,1.3,45,1.9,45,0.0
M,1148,Callum O'Hare,7.5,7.5,Coventry City,0,0.0,8.6,0.6,17.1,1.1,25.7,1.7,34.3,2.7,42.9,3.3,51.4,3.7,60,0.0
F,1646,Ellis Simms,8.5,8.5,Coventry City,61,3.1,61,3.5,61,3.5,61,3.7,61,3.9,61,3.9,61,3.9,61,0.0
F,1423,Fabio Tavares,5,5,Coventry City,0,0.0,0.0,0.0,0.0,0.0,0.0,0.0,0.0,0.0,0.0,0.0,0.0,0.0,0,0.0
M,1200,Gustavo Hamer,8.5,8.5,Coventry City,77,4.4,78.2,5.7,79.9,5.3,81.5,5.6,83.1,6.6,84.7,6.7,86.4,6.2,88,0.0
D,1088,Jack Burroughs,4.5,4.5,Coventry City,0,0.0,0.0,0.0,0.0,0.0,0.0,0.0,0.0,0.0,0.0,0.0,0.0,0.0,0,0.0
D,795,Jake Bidwell,6,6,Coventry City,29,1.1,34.2,1.5,39.9,1.9,45.5,2.4,51.1,2.3,56.7,2.5,62.4,3.6,68,0.0
M,1149,Jamie Allen,6.5,6.5,Coventry City,0,0.0,9.0,0.5,18.0,0.8,27.0,1.3,36.0,2.0,45.0,2.6,54.0,2.7,63,0.0
D,277,Jay Dasilva,5.5,5.5,Coventry City,57,2.2,57,2.5,57,2.7,57,3.0,57,2.5,57,2.5,57,3.3,57,0.0
D,1334,Joel Latibeaudiere,5.5,5.5,Coventry City,49,1.5,49,1.7,49,1.9,49,2.1,49,1.7,49,1.7,49,2.3,49,0.0
M,1085,Josh Eccles,5.5,5.5,Coventry City,28,0.8,33.9,1.3,39.7,1.2,45.6,1.5,51.4,2.1,57.3,2.3,63.1,2.2,69,0.0
M,287,Kasey Palmer,6.5,6.5,Coventry City,71,3.6,69.3,4.5,67.2,3.8,65.2,4.0,63.1,4.6,61.1,4.4,59.0,3.9,57,0.0
D,1146,Kyle McFadzean,5.5,5.5,Coventry City,82,2.1,81.6,2.4,81.0,2.6,80.4,2.9,79.8,2.1,79.2,2.1,78.6,3.1,78,0.0
M,1081,Liam Kelly,5,5,Coventry City,0,0.0,5.3,0.2,10.6,0.3,15.9,0.5,21.1,0.9,26.4,1.1,31.7,1.1,37,0.0
D,3885,Luis Binks,5.5,5.5,Coventry City,53,1.4,53,1.5,53,1.7,53,1.9,53,1.4,53,1.4,53,2.1,53,0.0
F,1152,Matt Godden,7,7,Coventry City,54,2.3,55.0,2.8,56.0,2.7,57.0,2.9,58.0,3.2,59.0,3.2,60.0,3.3,61,0.0
D,3881,Milan Van Ewijk,6,6,Coventry City,53,1.8,53,2.0,53,2.2,53,2.4,53,1.9,53,1.9,53,2.7,53,0.0
G,1519,Simon Moore,5,5,Coventry City,0,0.0,0.0,0.0,0.0,0.0,0.0,0.0,0.0,0.0,0.0,0.0,0.0,0.0,0,0.0
M,3846,Tatsuhiro Sakamoto,7,7,Coventry City,57,1.8,57,2.4,57,2.0,57,2.1,57,2.6,57,2.6,57,2.2,57,0.0
D,970,A. Rowe,4,4,Huddersfield Town,0,0.0,0.0,0.0,0.0,0.0,0.0,0.0,0.0,0.0,0.0,0.0,0.0,0.0,0,0.0
D,40,Ben Jackson,4,4,Huddersfield Town,0,0.0,5.7,0.2,11.4,0.4,17.1,0.7,22.9,1.2,28.6,0.9,34.3,1.3,40,0.0
M,1359,Brahima Diarra,4.5,4.5,Huddersfield Town,64,2.1,59.5,1.8,54.9,2.1,50.3,1.5,45.8,2.1,41.2,1.4,36.6,1.3,32,0.0
G,1629,Christopher Maxwell,4.5,4.5,Huddersfield Town,0,0.0,0,0.0,0,0.0,0,0.0,0,0.0,0,0.0,0,0.0,0,0.0
M,326,Connor Mahoney,5,5,Huddersfield Town,0,0.0,0.0,0.0,0.0,0.0,0.0,0.0,0.0,0.0,0.0,0.0,0.0,0.0,0,0.0
F,107,Danny Ward,6,6,Huddersfield Town,75,2.4,74.5,2.2,74.4,2.8,74.3,2.1,74.3,3.2,74.2,2.5,74.1,2.5,74,0.0
M,2728,David Kasumu,4.5,4.5,Huddersfield Town,23,0.5,27.8,0.6,32.5,0.8,37.2,0.9,41.9,1.2,46.6,1.1,51.3,1.3,56,0.0
M,2735,Jack Rudoni,5.5,5.5,Huddersfield Town,77,2.6,77.9,2.3,79.2,3.3,80.6,2.4,81.9,4.2,83.3,3.0,84.6,3.2,86,0.0
D,1473,Jaheim Headley,4.5,4.5,Huddersfield Town,0,0.0,8.6,0.3,17.1,0.6,25.7,1.0,34.3,1.7,42.9,1.3,51.4,1.9,60,0.0
M,57,Jonathan Hogg,4.5,4.5,Huddersfield Town,26,0.6,33.3,0.7,40.3,1.0,47.2,1.0,54.2,1.5,61.1,1.4,68.1,1.7,75,0.0
F,740,Jordan Rhodes,5.5,5.5,Huddersfield Town,0,0.0,4.7,0.2,9.4,0.5,14.1,0.5,18.9,1.1,23.6,1.0,28.3,1.2,33,0.0
M,71,Josh Koroma,6,6,Huddersfield Town,78,2.8,76.2,2.5,74.8,3.2,73.5,2.3,72.1,3.8,70.7,2.6,69.4,2.8,68,0.0
D,1683,Josh Ruffels,4.5,4.5,Huddersfield Town,82,2.5,80.2,3.2,78.4,2.9,76.5,3.1,74.6,3.5,72.7,2.3,70.9,2.7,69,0.0
F,3607,Kyle Hudlin,5,5,Huddersfield Town,0,0.0,0.0,0.0,0.0,0.0,0.0,0.0,0.0,0.0,0.0,0.0,0.0,0.0,0,0.0
G,1682,Lee Nicholls,5,5,Huddersfield Town,86,3.1,86.1,3.1,86.8,3.5,87.4,3.2,88.1,4.0,88.7,3.4,89.4,3.1,90,0.0
D,921,Matthew Pearson,5,5,Huddersfield Town,76,2.7,75.8,3.3,75.9,3.5,75.9,3.3,75.9,4.6,75.9,2.9,76.0,3.4,76,0.0
D,1259,Michał Helik,5,5,Huddersfield Town,81,2.5,82.1,3.3,83.3,3.3,84.4,3.4,85.6,4.4,86.7,2.9,87.9,3.4,89,0.0
D,1634,Oliver Turton,4.5,4.5,Huddersfield Town,0,0.0,7.1,0.3,14.3,0.6,21.4,0.9,28.6,1.6,35.7,1.3,42.9,1.8,50,0.0
D,38,Rarmani Edmonds-Green,4.5,4.5,Huddersfield Town,59,1.6,56.9,2.2,54.4,1.8,51.9,2.0,49.5,2.0,47.0,1.3,44.5,1.5,42,0.0
M,41,Scott High,4.5,4.5,Huddersfield Town,0,0.0,7.6,0.2,15.1,0.4,22.7,0.5,30.3,0.9,37.9,0.9,45.4,1.2,53,0.0
M,1408,Sorba Thomas,6,6,Huddersfield Town,83,2.7,80.6,2.3,78.4,3.0,76.1,2.2,73.8,3.4,71.5,2.3,69.3,2.5,67,0.0
D,753,Thomas Edwards,4.5,4.5,Huddersfield Town,57,1.5,57,2.2,57,1.9,57,2.2,57,2.4,57,1.6,57,2.0,57,0.0
D,724,Tom Lees,5,5,Huddersfield Town,0,0.0,12.9,0.5,25.7,1.0,38.6,1.6,51.4,2.6,64.3,2.1,77.1,3.1,90,0.0
D,2734,Yuta Nakayama,4.5,4.5,Huddersfield Town,32,1.1,37.6,1.6,43.1,2.0,48.7,2.1,54.3,3.3,59.9,2.2,65.4,2.8,71,0.0
F,2471,Aaron Connolly,6,6,Hull City,57,2.8,57,2.7,57,2.7,57,2.0,57,2.3,57,2.5,57,2.4,57,0.0
M,2805,Adama Noss Traoré,5.5,5.5,Hull City,70,3.9,69.3,4.0,68.4,3.7,67.5,2.9,66.7,3.1,65.8,3.3,64.9,3.3,64,0.0
D,1550,Alfie Jones,5,5,Hull City,62,2.2,65.8,2.3,69.4,2.7,72.9,2.8,76.4,2.5,79.9,2.7,83.5,3.0,87,0.0
F,2535,Allahyar Sayyadmanesh,6,6,Hull City,0,0.0,9.7,0.4,19.4,0.8,29.1,0.9,38.9,1.4,48.6,1.8,58.3,2.2,68,0.0
F,2743,Benjamin Tetteh,6,6,Hull City,0,0.0,5.3,0.3,10.6,0.6,15.9,0.7,21.1,1.0,26.4,1.4,31.7,1.7,37,0.0
D,531,Brandon Fleming,4.5,4.5,Hull City,0,0.0,0,0.0,0,0.0,0,0.0,0,0.0,0,0.0,0,0.0,0,0.0
D,9,Cyrus Christie,5.5,5.5,Hull City,79,3.8,79.3,3.7,79.7,4.1,80.2,3.7,80.6,3.4,81.1,3.6,81.5,3.7,82,0.0
M,2739,Doğukan Sinik,5.5,5.5,Hull City,0,0.0,0.0,0.0,0.0,0.0,0.0,0.0,0.0,0.0,0.0,0.0,0.0,0.0,0,0.0
M,1557,Greg Docherty,5,5,Hull City,0,0.0,6.7,0.3,13.4,0.6,20.1,0.8,26.9,1.1,33.6,1.4,40.3,1.8,47,0.0
M,3583,Harry Vaughan,5,5,Hull City,66,1.7,56.2,1.7,46.9,1.3,37.5,1.0,28.1,0.7,18.7,0.5,9.4,0.3,0,0.0
D,1551,Jacob Greaves,5,5,Hull City,80,3.1,79.0,3.0,78.0,3.3,77.0,3.1,76.0,2.6,75.0,2.7,74.0,2.8,73,0.0
M,3852,Jason Lokilo,5.5,5.5,Hull City,0,0.0,0.0,0.0,0.0,0.0,0.0,0.0,0.0,0.0,0.0,0.0,0.0,0.0,0,0.0
M,1483,Jean Michaël Seri,5.5,5.5,Hull City,77,2.7,77.5,2.9,77.6,2.8,77.7,2.4,77.7,2.5,77.8,2.6,77.9,2.8,78,0.0
D,1548,Lewie Coyle,5,5,Hull City,0,0.0,8.0,0.3,16.0,0.7,24.0,1.0,32.0,1.1,40.0,1.5,48.0,1.9,56,0.0
F,2554,Liam Delap,6,6,Hull City,57,2.0,57,1.9,57,1.9,57,1.6,57,1.7,57,1.8,57,1.8,57,0.0
G,504,Matt Ingram,5,5,Hull City,81,3.4,75.6,2.8,70.1,3.3,64.7,2.4,59.3,2.5,53.9,2.3,48.4,1.8,43,0.0
F,2731,Óscar Estupiñán,7,7,Hull City,0,0.0,9.9,0.4,19.7,0.8,29.6,1.0,39.4,1.4,49.3,1.9,59.1,2.2,69,0.0
M,2721,Ozan Tufan,6,6,Hull City,71,3.0,68.6,3.1,66.1,2.8,63.7,2.3,61.3,2.2,58.9,2.3,56.4,2.3,54,0.0
M,1540,Regan Slater,5,5,Hull City,80,3.3,80.5,3.5,81.1,3.3,81.7,2.8,82.2,2.9,82.8,3.1,83.4,3.3,84,0.0
D,3870,Ruben Vinagre,5.5,5.5,Hull City,0,0.0,0.0,0.0,0.0,0.0,0.0,0.0,0.0,0.0,0.0,0.0,0.0,0.0,0,0.0
M,1693,Ryan Longman,5.5,5.5,Hull City,0,0.0,6.4,0.3,12.9,0.5,19.3,0.7,25.7,0.9,32.1,1.3,38.6,1.6,45,0.0
M,325,Ryan Woods,4.5,4.5,Hull City,0,0.0,3.3,0.1,6.6,0.2,9.9,0.3,13.1,0.4,16.4,0.5,19.7,0.7,23,0.0
D,511,Sean McLoughlin,5,5,Hull City,0,0.0,10.1,0.4,20.3,0.9,30.4,1.3,40.6,1.4,50.7,1.9,60.9,2.4,71,0.0
G,3523,Thimothee Lo-Tutala,4,4,Hull City,0,0.0,0,0.0,0,0.0,0,0.0,0,0.0,0,0.0,0,0.0,0,0.0
M,2750,Vaughn Covil,4.5,4.5,Hull City,0,0.0,0.0,0.0,0.0,0.0,0.0,0.0,0.0,0.0,0.0,0.0,0.0,0.0,0,0.0
M,2806,Xavier Simons,4.5,4.5,Hull City,0,0.0,0.0,0.0,0.0,0.0,0.0,0.0,0.0,0.0,0.0,0.0,0.0,0.0,0,0.0
M,3615,Cameron Humphreys,5,5,Ipswich Town,42,1.4,41.4,1.9,41.1,1.5,40.9,1.5,40.7,1.8,40.5,1.6,40.2,1.5,40,0.0
D,3612,Cameron Robert Burgess,4.5,4.5,Ipswich Town,90,3.0,89.4,2.7,88.9,3.2,88.3,3.4,87.7,2.7,87.1,2.9,86.6,3.3,86,0.0
G,581,Christian Walton,4.5,4.5,Ipswich Town,90,3.3,90.0,2.6,90.0,3.3,90.0,3.5,90.0,2.6,90.0,2.7,90.0,3.5,90,0.0
G,2380,Cieran Slicker,4,4,Ipswich Town,0,0.0,0.0,0.0,0.0,0.0,0.0,0.0,0.0,0.0,0.0,0.0,0.0,0.0,0,0.0
F,852,Conor Chaplin,6.5,6.5,Ipswich Town,76,4.2,76.1,5.1,76.4,4.7,76.7,5.0,77.1,4.6,77.4,4.0,77.7,4.7,78,0.0
M,708,Dominic Ball,4.5,4.5,Ipswich Town,17,0.4,17.0,0.7,17.1,0.5,17.3,0.5,17.5,0.6,17.7,0.5,17.8,0.5,18,0.0
D,3818,Elkan Baggott,4,4,Ipswich Town,0,0.0,0,0.0,0,0.0,0,0.0,0,0.0,0,0.0,0,0.0,0,0.0
F,1162,Freddie Ladapo,6,6,Ipswich Town,42,2.3,41.9,2.7,41.6,2.5,41.3,2.7,40.9,2.4,40.6,2.1,40.3,2.4,40,0.0
D,1432,George Edmundson,4.5,4.5,Ipswich Town,71,2.4,69.0,2.1,67.0,2.4,65.0,2.6,63.0,2.0,61.0,2.0,59.0,2.2,57,0.0
F,1283,George Hirst,6,6,Ipswich Town,54,2.2,54.1,2.5,54.2,2.3,54.4,2.5,54.5,2.3,54.7,2.1,54.8,2.4,55,0.0
D,3611,Gregory Alex Leigh,4,4,Ipswich Town,33,1.1,28.5,0.9,23.8,0.8,19.0,0.7,14.3,0.4,9.5,0.3,4.8,0.2,0,0.0
D,2676,Harry Clarke,4.5,4.5,Ipswich Town,69,2.4,69.0,2.1,69.0,2.5,69.0,2.8,69.0,2.2,69.0,2.3,69.0,2.7,69,0.0
M,1608,Jack Taylor,5.5,5.5,Ipswich Town,0,0.0,0,0.0,0,0.0,0,0.0,0,0.0,0,0.0,0,0.0,0,0.0
D,3610,Janoi Donacien,4,4,Ipswich Town,47,1.6,45.9,1.3,44.7,1.5,43.6,1.6,42.4,1.3,41.3,1.3,40.1,1.5,39,0.0
F,3616,Kayden Pastel Dunn Jackson,5,5,Ipswich Town,27,0.9,25.7,1.0,24.7,0.9,23.8,0.9,22.8,0.8,21.9,0.7,20.9,0.7,20,0.0
M,392,Kyle Edwards,5,5,Ipswich Town,0,0.0,2.4,0.1,4.9,0.2,7.3,0.3,9.7,0.4,12.1,0.5,14.6,0.5,17,0.0
M,448,Lee Evans,4.5,4.5,Ipswich Town,78,2.6,78.1,3.6,77.9,2.7,77.7,2.9,77.6,3.2,77.4,2.8,77.2,2.7,77,0.0
D,464,Leif Davis,5,5,Ipswich Town,84,3.6,84.0,3.5,84.0,3.9,84.0,4.3,84.0,3.5,84.0,3.5,84.0,4.1,84,0.0
D,3613,Luke Matthew Woolfenden,4.5,4.5,Ipswich Town,90,3.0,89.9,2.6,89.7,3.1,89.6,3.5,89.4,2.8,89.3,2.9,89.1,3.4,89,0.0
M,3617,Marcus Anthony Harness,5.5,5.5,Ipswich Town,34,1.4,33.4,1.9,32.9,1.5,32.3,1.6,31.7,1.6,31.1,1.4,30.6,1.4,30,0.0
M,737,Massimo Luongo,4.5,4.5,Ipswich Town,73,2.4,73.5,3.3,73.7,2.6,74.0,2.8,74.2,3.1,74.5,2.8,74.7,2.7,75,0.0
F,2776,Nathan Broadhead,6,6,Ipswich Town,70,3.2,70.6,3.8,70.9,3.5,71.1,3.7,71.3,3.4,71.5,3.1,71.8,3.5,72,0.0
G,3608,Nicholas Michael Hayes,4,4,Ipswich Town,0,0.0,0.0,0.0,0.0,0.0,0.0,0.0,0.0,0.0,0.0,0.0,0.0,0.0,0,0.0
M,3869,Omari Hutchinson,6,6,Ipswich Town,0,0.0,0.0,0.0,0.0,0.0,0.0,0.0,0.0,0.0,0.0,0.0,0.0,0.0,0,0.0
M,147,Omatsone Folarin Aluko,5,5,Ipswich Town,37,1.2,31.4,1.4,26.1,0.9,20.9,0.8,15.7,0.7,10.5,0.4,5.2,0.2,0,0.0
M,429,Sam Morsy,5,5,Ipswich Town,89,2.7,89.0,3.8,89.0,2.9,89.0,3.0,89.0,3.5,89.0,3.1,89.0,2.9,89,0.0
G,3609,Vaclav Hladky,4,4,Ipswich Town,0,0.0,0.0,0.0,0.0,0.0,0.0,0.0,0.0,0.0,0.0,0.0,0.0,0.0,0,0.0
M,3618,Wesley James Burns,6,6,Ipswich Town,80,2.9,79.6,4.1,79.1,3.1,78.7,3.3,78.3,3.6,77.9,3.2,77.4,3.1,77,0.0
M,3887,Archie Gray,5.5,5.5,Leeds United,0,0.0,0.0,0.0,0.0,0.0,0.0,0.0,0.0,0.0,0.0,0.0,0.0,0.0,0,0.0
D,2723,Charlie Cresswell,5.5,5.5,Leeds United,33,1.5,33,1.5,33,1.5,33,1.6,33,1.5,33,1.5,33,1.8,33,0.0
D,2497,Cody Drameh,6,6,Leeds United,31,1.8,31,1.8,31,1.6,31,1.8,31,1.6,31,1.8,31,2.0,31,0.0
M,3624,Crysencio Jilbert Sylverio Cir Summerville,8.5,8.5,Leeds United,68,3.0,64.6,2.2,61.0,2.1,57.4,2.0,53.8,2.0,50.2,2.1,46.6,1.7,43,0.0
M,2005,Daniel James,8,8,Leeds United,59,2.7,59,2.1,59,2.2,59,2.2,59,2.3,59,2.6,59,2.2,59,0.0
M,3886,Darko Gyabi,5.5,5.5,Leeds United,6,0.2,5.1,0.1,4.3,0.1,3.4,0.1,2.6,0.1,1.7,0.1,0.9,0.0,0,0.0
M,3627,Degnand Wilfried Gnonto,10,10,Leeds United,60,2.5,57.6,1.9,55.5,1.8,53.4,1.8,51.3,1.8,49.2,2.0,47.1,1.6,45,0.0
D,1543,Ethan Ampadu,6,6,Leeds United,63,1.8,63,1.9,63,2.0,63,1.8,63,1.9,63,1.8,63,2.2,63,0.0
F,3626,Georginio Rutter,9,9,Leeds United,45,1.9,45,1.8,45,1.6,45,1.9,45,1.7,45,1.9,45,1.9,45,0.0
D,3620,Hector Junior Firpo Adames,6,6,Leeds United,0,0.0,7.0,0.2,14.0,0.4,21.0,0.6,28.0,0.8,35.0,0.9,42.0,1.4,49,0.0
M,492,Hélder Wander Sousa Azevedo Costa,7,7,Leeds United,0,0.0,0.0,0.0,0.0,0.0,0.0,0.0,0.0,0.0,0.0,0.0,0.0,0.0,0,0.0
M,476,Ian Carlo Poveda-Ocampo,6,6,Leeds United,0,0.0,0,0.0,0,0.0,0,0.0,0,0.0,0,0.0,0,0.0,0,0.0
G,454,Illan Meslier,6,6,Leeds United,45,1.4,49.0,1.8,53.0,1.8,57.0,2.0,61.0,2.0,65.0,2.1,69.0,2.8,73,0.0
M,470,Jack Harrison,9.5,9.5,Leeds United,0,0.0,10.9,0.5,21.7,0.9,32.6,1.4,43.4,1.9,54.3,2.8,65.1,3.0,76,0.0
M,474,Jamie Shackleton,5.5,5.5,Leeds United,0,0.0,0,0.0,0,0.0,0,0.0,0,0.0,0,0.0,0,0.0,0,0.0
F,443,Joe Gelhardt,7.5,7.5,Leeds United,0,0.0,0,0.0,0,0.0,0,0.0,0,0.0,0,0.0,0,0.0,0,0.0
G,3558,Karl Darlow,6,6,Leeds United,45,1.4,45,1.7,45,1.6,45,1.6,45,1.5,45,1.5,45,1.8,45,0.0
G,3619,Kristoffer-August Sundquist Klaesson,5,5,Leeds United,0,0.0,0.0,0.0,0.0,0.0,0.0,0.0,0.0,0.0,0.0,0.0,0.0,0.0,0,0.0
D,3533,Leo Hjelde,5,5,Leeds United,61,1.4,61,1.6,61,1.6,61,1.5,61,1.6,61,1.4,61,1.8,61,0.0
D,461,Liam Cooper,6,6,Leeds United,80,2.1,75.7,2.2,71.4,2.1,67.1,1.9,62.9,1.8,58.6,1.6,54.3,1.9,50,0.0
M,3625,Luis Fernando Sinisterra,9,9,Leeds United,55,3.4,53.2,2.6,51.5,2.3,49.8,2.5,48.1,2.4,46.4,2.7,44.7,2.4,43,0.0
D,458,Luke Ayling,6,6,Leeds United,78,3.1,76.9,3.2,76.3,3.1,75.6,3.1,75.0,2.9,74.3,2.9,73.7,3.4,73,0.0
F,3889,Matteo Joseph,5.5,5.5,Leeds United,0,0.0,0.0,0.0,0.0,0.0,0.0,0.0,0.0,0.0,0.0,0.0,0.0,0.0,0,0.0
D,466,Pascal Struijk,5.5,5.5,Leeds United,66,1.8,63.9,1.9,61.7,2.0,59.6,1.8,57.4,1.7,55.3,1.6,53.1,1.9,51,0.0
F,477,Patrick Bamford,10,10,Leeds United,29,1.2,33.5,1.3,38.3,1.3,43.0,1.7,47.8,1.7,52.5,2.0,57.3,2.3,62,0.0
M,3623,Sam Greenwood,7,7,Leeds United,0,0.0,0.0,0.0,0.0,0.0,0.0,0.0,0.0,0.0,0.0,0.0,0.0,0.0,0,0.0
D,493,Stuart Dallas,5.5,5.5,Leeds United,0,0.0,0.0,0.0,0.0,0.0,0.0,0.0,0.0,0.0,0.0,0.0,0.0,0.0,0,0.0
M,2075,Tyler Adams,6,6,Leeds United,0,0.0,12.4,0.3,24.9,0.7,37.3,1.0,49.7,1.5,62.1,2.1,74.6,2.1,87,0.0
G,83,Alex Smithies,5,5,Leicester City,0,0.0,0.0,0.0,0.0,0.0,0.0,0.0,0.0,0.0,0.0,0.0,0.0,0.0,0,0.0
M,1914,Boubakary Soumare,6,6,Leicester City,0,0.0,8.1,0.2,16.3,0.5,24.4,0.6,32.6,0.9,40.7,1.1,48.9,1.1,57,0.0
D,2729,Callum Doyle,6,6,Leicester City,63,1.9,63,2.4,63,1.9,63,2.6,63,2.0,63,2.0,63,2.5,63,0.0
D,2852,Conor David Coady,6,6,Leicester City,0,0.0,0,0.0,0,0.0,0,0.0,0,0.0,0,0.0,0,0.0,0,0.0
G,1391,Daniel Iversen,6,6,Leicester City,9,0.3,14.6,0.6,20.1,0.6,25.7,1.1,31.3,1.1,36.9,1.3,42.4,1.8,48,0.0
G,3038,Danniel Ward,6,6,Leicester City,0,0.0,7.1,0.3,14.3,0.5,21.4,0.9,28.6,1.0,35.7,1.2,42.9,1.9,50,0.0
M,2872,Dennis Praet,6,6,Leicester City,25,0.9,23.9,0.7,22.7,0.9,21.6,0.6,20.4,0.7,19.3,0.6,18.1,0.5,17,0.0
M,2774,Hamza Choudhury,5.5,5.5,Leicester City,0,0.0,0,0.0,0,0.0,0,0.0,0,0.0,0,0.0,0,0.0,0,0.0
D,1279,Harry Souttar,6,6,Leicester City,10,0.3,15.8,0.6,21.6,0.7,27.5,1.1,33.4,1.1,39.3,1.3,45.1,1.8,51,0.0
M,3819,Harry Winks,6,6,Leicester City,63,2.5,63,2.0,63,2.7,63,2.0,63,2.2,63,2.2,63,2.0,63,0.0
D,3633,James Michael Justin,6.5,6.5,Leicester City,0,0.0,12.7,0.5,25.4,0.7,38.1,1.5,50.9,1.6,63.6,2.0,76.3,3.0,89,0.0
F,3635,Jamie Richard Vardy,10,10,Leicester City,53,2.3,52.0,2.4,51.1,2.4,50.3,2.3,49.5,1.9,48.7,1.9,47.8,2.1,47,0.0
D,2907,Jannik Vestergaard,5.5,5.5,Leicester City,0,0.0,0.0,0.0,0.0,0.0,0.0,0.0,0.0,0.0,0.0,0.0,0.0,0.0,0,0.0
M,3888,Kasey McAteer,6,6,Leicester City,0,0.0,0,0.0,0,0.0,0,0.0,0,0.0,0,0.0,0,0.0,0,0.0
F,3637,Kelechi Promise Iheanacho,11.5,11.5,Leicester City,31,1.7,32.5,1.8,34.4,2.0,36.3,2.1,38.3,1.8,40.2,2.0,42.1,2.3,44,0.0
M,1326,Kiernan Dewsbury-Hall,7.5,7.5,Leicester City,72,3.3,70.0,2.6,68.4,3.3,66.7,2.5,65.0,2.5,63.3,2.5,61.7,2.3,60,0.0
D,3629,Luke Jonathan Thomas,5.5,5.5,Leicester City,29,0.8,29.7,1.0,30.1,0.8,30.5,1.1,30.8,0.9,31.2,0.9,31.6,1.2,32,0.0
G,3851,Mads Hermansen,6,6,Leicester City,81,2.7,81,3.2,81,2.6,81,3.4,81,2.9,81,2.9,81,3.5,81,0.0
M,3559,Marc Albrighton,6.5,6.5,Leicester City,33,1.6,33,1.4,33,1.7,33,1.4,33,1.4,33,1.4,33,1.3,33,0.0
M,3631,Onyinye Wilfred Ndidi,6,6,Leicester City,73,2.5,69.7,1.8,66.7,2.4,63.8,1.6,60.8,1.8,57.9,1.8,54.9,1.4,52,0.0
F,3634,Patson Daka,9.5,9.5,Leicester City,29,1.3,29.0,1.4,29.0,1.4,29.0,1.4,29.0,1.2,29.0,1.2,29.0,1.3,29,0.0
D,3632,Ricardo Domingos Barbosa Pereira,6.5,6.5,Leicester City,75,2.2,69.3,2.5,63.9,1.8,58.5,2.3,53.1,1.6,47.8,1.4,42.4,1.6,37,0.0
M,3891,Stephy Mavididi,9,9,Leicester City,53,3.5,53,3.1,53,3.8,53,3.2,53,2.9,53,3.1,53,3.0,53,0.0
D,2864,Timothy Castagne,7,7,Leicester City,81,2.5,82.1,3.1,83.4,2.5,84.7,3.5,86.1,2.9,87.4,2.8,88.7,3.5,90,0.0
D,3630,Victor Bernth Kristiansen,6,6,Leicester City,14,0.4,20.6,0.7,27.3,0.7,34.1,1.3,40.8,1.2,47.5,1.4,54.3,2.0,61,0.0
M,3883,Wanya Marcal-Madivadua,6,6,Leicester City,0,0.0,0.0,0.0,0.0,0.0,0.0,0.0,0.0,0.0,0.0,0.0,0.0,0.0,0,0.0
D,3312,Wout Faes,6,6,Leicester City,77,2.2,78.6,2.9,79.9,2.3,81.1,3.2,82.3,2.7,83.5,2.5,84.8,3.2,86,0.0
M,1383,Alexander Gilbert,5.5,5.5,Middlesbrough,0,0.0,0.0,0.0,0.0,0.0,0.0,0.0,0.0,0.0,0.0,0.0,0.0,0.0,0,0.0
D,1232,Anfernee Dijksteel,5,5,Middlesbrough,0,0.0,2.6,0.1,5.1,0.2,7.7,0.4,10.3,0.4,12.9,0.5,15.4,0.6,18,0.0
F,1287,Chuba Akpom,11,11,Middlesbrough,0,0.0,12.1,1.1,24.3,1.2,36.4,3.2,48.6,3.5,60.7,4.3,72.9,5.5,85,0.0
D,663,Dael Fry,5.5,5.5,Middlesbrough,83,2.9,77.9,4.2,73.1,2.7,68.3,3.4,63.5,2.2,58.6,2.0,53.8,2.1,49,0.0
M,1301,Daniel Barlaser,6,6,Middlesbrough,63,3.3,63,3.6,63,2.5,63,3.6,63,3.4,63,3.4,63,3.1,63,0.0
D,584,Darragh Lenihan,5.5,5.5,Middlesbrough,87,2.8,86.9,4.3,87.2,3.0,87.6,4.1,87.9,2.7,88.3,2.8,88.6,3.2,89,0.0
D,661,Hayden Coulson,4.5,4.5,Middlesbrough,57,1.8,57,2.9,57,2.0,57,2.7,57,1.8,57,1.8,57,2.0,57,0.0
M,672,Hayden Hackney,6,6,Middlesbrough,82,3.5,81.6,3.7,81.4,2.7,81.1,3.6,80.8,3.6,80.5,3.5,80.3,3.0,80,0.0
M,1361,Isaiah Jones,7.5,7.5,Middlesbrough,0,0.0,7.1,0.4,14.3,0.6,21.4,1.2,28.6,1.5,35.7,1.9,42.9,2.0,50,0.0
G,418,Jamie Jones,4.5,4.5,Middlesbrough,0,0.0,0,0.0,0,0.0,0,0.0,0,0.0,0,0.0,0,0.0,0,0.0
M,667,Jonathan Howson,5.5,5.5,Middlesbrough,0,0.0,11.9,0.4,23.7,0.7,35.6,1.2,47.4,1.7,59.3,2.2,71.1,2.1,83,0.0
F,1446,Josh Coburn,6,6,Middlesbrough,0,0.0,0,0.0,0,0.0,0,0.0,0,0.0,0,0.0,0,0.0,0,0.0
F,232,Marcus Forss,8,8,Middlesbrough,69,3.3,67.0,4.0,64.7,2.4,62.3,3.7,60.0,2.9,57.7,2.8,55.3,2.8,53,0.0
M,2179,Martín Payero,6,6,Middlesbrough,27,1.2,27,1.3,27,0.9,27,1.3,27,1.2,27,1.2,27,1.1,27,0.0
D,624,Matt Clarke,5,5,Middlesbrough,0,0.0,10.4,0.6,20.9,0.9,31.3,1.8,41.7,1.7,52.1,2.1,62.6,2.9,73,0.0
M,1122,Matty Crooks,6.5,6.5,Middlesbrough,79,5.5,71.4,6.0,64.4,3.3,57.3,4.8,50.2,3.6,43.1,3.1,36.1,2.5,29,0.0
M,375,Morgan Rogers,6.5,6.5,Middlesbrough,63,3.5,63,3.9,63,2.7,63,3.9,63,3.6,63,3.6,63,3.3,63,0.0
D,682,Paddy McNair,5.5,5.5,Middlesbrough,82,2.8,78.8,4.2,75.8,2.8,72.9,3.6,69.9,2.4,66.9,2.3,64.0,2.5,61,0.0
D,3820,Rav Van Den Berg,5,5,Middlesbrough,0,0.0,0.0,0.0,0.0,0.0,0.0,0.0,0.0,0.0,0.0,0.0,0.0,0.0,0,0.0
M,1310,Riley McGree,7,7,Middlesbrough,81,5.6,79.7,6.4,78.8,4.1,77.8,6.2,76.9,5.6,75.9,5.4,75.0,5.1,74,0.0
M,3844,Samuel Silvera,6,6,Middlesbrough,33,1.8,33,2.1,33,1.4,33,2.0,33,1.9,33,1.9,33,1.7,33,0.0
G,1296,Seny Dieng,4.5,4.5,Middlesbrough,86,2.9,86,4.2,86,3.0,86,3.9,86,2.9,86,2.8,86,3.3,86,0.0
G,3845,Tom Glover,4.5,4.5,Middlesbrough,0,0.0,0,0.0,0,0.0,0,0.0,0,0.0,0,0.0,0,0.0,0,0.0
D,758,Tom Smith,5.5,5.5,Middlesbrough,0,0.0,11.7,0.6,23.4,0.8,35.1,1.7,46.9,1.5,58.6,1.9,70.3,2.5,82,0.0
F,2783,Andreas Voglsammer,6,6,Millwall,0,0.0,7.1,0.3,14.3,0.6,21.4,1.2,28.6,1.4,35.7,2.1,42.9,1.7,50,0.0
G,312,Bartosz Bialkowski,5.5,5.5,Millwall,9,0.4,8.4,0.3,7.9,0.3,7.3,0.2,6.7,0.3,6.1,0.3,5.6,0.2,5,0.0
M,328,Billy Mitchell,5,5,Millwall,64,2.1,67.1,2.4,69.7,2.0,72.4,2.9,75.0,2.3,77.7,2.8,80.3,2.5,83,0.0
M,3871,Casper De Norre,5.5,5.5,Millwall,53,1.9,53,2.1,53,1.7,53,2.3,53,1.8,53,2.1,53,1.8,53,0.0
G,198,Connal Trueman,4.5,4.5,Millwall,0,0.0,0.0,0.0,0.0,0.0,0.0,0.0,0.0,0.0,0.0,0.0,0.0,0.0,0,0.0
D,319,Danny McNamara,6,6,Millwall,69,2.7,71.0,2.1,73.0,2.4,75.0,2.1,77.0,2.6,79.0,3.6,81.0,2.6,83,0.0
M,1341,Duncan Watmore,6,6,Millwall,36,2.6,35.9,2.6,35.6,2.2,35.3,2.9,35.0,2.4,34.6,2.8,34.3,1.9,34,0.0
M,625,George Evans,4.5,4.5,Millwall,5,0.1,4.4,0.1,3.6,0.1,2.9,0.1,2.2,0.1,1.5,0.0,0.7,0.0,0,0.0
M,520,George Honeyman,6,6,Millwall,0,0.0,8.6,0.5,17.1,0.8,25.7,1.6,34.3,1.6,42.9,2.6,51.4,2.2,60,0.0
G,503,George Long,6,6,Millwall,81,3.6,81.9,2.6,82.7,3.2,83.6,2.6,84.4,3.4,85.3,4.1,86.1,2.9,87,0.0
M,680,George Saville,5.5,5.5,Millwall,59,2.4,62.2,2.7,65.0,2.3,67.8,3.4,70.6,2.7,73.4,3.4,76.2,2.7,79,0.0
D,315,Jake Cooper,6,6,Millwall,85,3.8,85.4,3.0,86.0,3.2,86.6,3.1,87.2,3.4,87.8,4.7,88.4,3.1,89,0.0
D,10,Joe Bryan,6.5,6.5,Millwall,0,0.0,0.0,0.0,0.0,0.0,0.0,0.0,0.0,0.0,0.0,0.0,0.0,0.0,0,0.0
F,3821,Kevin Nisbet,7.5,7.5,Millwall,57,2.7,57,2.7,57,2.4,57,3.0,57,2.7,57,3.2,57,2.2,57,0.0
G,2159,Matija Sarkic,6,6,Millwall,0,0.0,0,0.0,0,0.0,0,0.0,0,0.0,0,0.0,0,0.0,0,0.0
D,313,Murray Wallace,6,6,Millwall,50,2.4,55.2,2.1,60.0,2.4,64.8,2.5,69.6,2.9,74.4,4.2,79.2,3.1,84,0.0
M,3524,Romain Esse,5,5,Millwall,10,0.3,8.4,0.3,7.0,0.2,5.6,0.2,4.2,0.1,2.8,0.1,1.4,0.0,0,0.0
M,324,Ryan Leonard,5,5,Millwall,37,1.4,40.0,1.6,42.9,1.4,45.7,2.1,48.5,1.7,51.3,2.1,54.2,1.8,57,0.0
D,314,Shaun Hutchinson,5.5,5.5,Millwall,64,2.8,63.3,2.2,62.6,2.3,61.9,2.1,61.1,2.3,60.4,3.2,59.7,2.1,59,0.0
F,335,Tom Bradshaw,7.5,7.5,Millwall,62,3.7,64.0,3.7,66.4,3.5,68.7,4.7,71.0,4.1,73.3,5.4,75.7,3.5,78,0.0
M,331,Tyler Burey,5.5,5.5,Millwall,0,0.0,4.3,0.2,8.6,0.3,12.9,0.5,17.1,0.5,21.4,0.8,25.7,0.8,30,0.0
D,199,Wes Harding,5.5,5.5,Millwall,35,1.7,35,1.3,35,1.4,35,1.4,35,1.5,35,2.0,35,1.3,35,0.0
M,2658,Zian Flemming,9,9,Millwall,80,5.3,81.2,5.5,82.5,4.8,83.8,6.6,85.1,5.4,86.4,6.6,87.7,4.7,89,0.0
F,1156,Adam Idah,6.5,6.5,Norwich City,33,1.2,35.1,1.4,37.2,1.6,39.4,1.8,41.5,1.6,43.7,1.7,45.8,2.0,48,0.0
D,1355,Andrew Omobamidele,5.5,5.5,Norwich City,39,1.3,41.4,1.3,43.9,1.2,46.3,1.2,48.7,1.4,51.1,1.4,53.6,1.5,56,0.0
G,1324,Angus Gunn,5.5,5.5,Norwich City,86,3.1,84.7,3.8,83.9,2.9,83.1,2.8,82.4,3.5,81.6,3.4,80.8,2.8,80,0.0
F,2648,Ashley Barnes,7,7,Norwich City,61,2.9,61,3.6,61,3.9,61,4.3,61,3.4,61,3.4,61,3.9,61,0.0
D,1247,Ben Gibson,5,5,Norwich City,78,2.5,75.7,2.5,73.8,2.1,71.8,2.1,69.9,2.1,67.9,2.0,66.0,2.0,64,0.0
M,3823,Borja Sainz,6.5,6.5,Norwich City,0,0.0,0.0,0.0,0.0,0.0,0.0,0.0,0.0,0.0,0.0,0.0,0.0,0.0,0,0.0
M,3298,Christian Fassnacht,7,7,Norwich City,0,0.0,0.0,0.0,0.0,0.0,0.0,0.0,0.0,0.0,0.0,0.0,0.0,0.0,0,0.0
M,2660,Christos Tzolis,6,6,Norwich City,29,1.1,29,1.1,29,1.3,29,1.4,29,1.1,29,1.1,29,1.3,29,0.0
D,1405,Dimitris Giannoulis,5.5,5.5,Norwich City,66,2.8,65.7,3.0,65.3,2.8,64.8,2.8,64.4,2.6,63.9,2.6,63.5,2.7,63,0.0
M,2736,Gabriel Sara,7.5,7.5,Norwich City,72,2.9,73.6,3.4,75.5,4.1,77.4,4.5,79.3,3.4,81.2,3.5,83.1,4.5,85,0.0
D,1051,Grant Hanley,5.5,5.5,Norwich City,0,0.0,12.4,0.4,24.9,0.8,37.3,1.2,49.7,1.6,62.1,1.9,74.6,2.4,87,0.0
D,1141,Jack Stacey,6,6,Norwich City,0,0.0,0.0,0.0,0.0,0.0,0.0,0.0,0.0,0.0,0.0,0.0,0.0,0.0,0,0.0
M,1210,Jakob Lungi Sørensen,5,5,Norwich City,0,0.0,7.6,0.3,15.1,0.6,22.7,1.0,30.3,1.0,37.9,1.2,45.4,1.8,53,0.0
M,2661,Jon Rowe,4.5,4.5,Norwich City,24,0.7,20.6,0.5,17.1,0.5,13.7,0.4,10.3,0.3,6.9,0.2,3.4,0.1,0,0.0
D,2748,Jonathan Tomkinson,4.5,4.5,Norwich City,0,0.0,0.0,0.0,0.0,0.0,0.0,0.0,0.0,0.0,0.0,0.0,0.0,0.0,0,0.0
F,2662,Josh Sargent,8.5,8.5,Norwich City,81,3.2,81.1,3.6,81.3,3.9,81.4,4.2,81.6,3.5,81.7,3.5,81.9,3.9,82,0.0
M,1062,Kenny McLean,5.5,5.5,Norwich City,85,2.5,84.9,2.6,85.3,3.2,85.6,3.4,86.0,2.6,86.3,2.5,86.7,3.3,87,0.0
M,2749,Liam Gibbs,5.5,5.5,Norwich City,0,0.0,6.0,0.2,12.0,0.5,18.0,0.9,24.0,0.9,30.0,1.1,36.0,1.6,42,0.0
M,2764,Marcelino Nuñez,6,6,Norwich City,31,1.2,31.7,1.3,32.9,1.6,34.1,1.8,35.4,1.4,36.6,1.4,37.8,1.9,39,0.0
D,1049,Maximillian James Aarons,6,6,Norwich City,14,0.5,24.2,1.0,34.4,1.3,44.5,1.6,54.6,2.0,64.7,2.2,74.9,2.7,85,0.0
M,2659,Milot Rashica,7,7,Norwich City,0,0.0,0,0.0,0,0.0,0,0.0,0,0.0,0,0.0,0,0.0,0,0.0
M,1057,Onel Lázaro Hernández Mayea,6.5,6.5,Norwich City,63,2.8,62.9,3.1,62.6,3.7,62.3,4.0,62.0,3.0,61.6,2.9,61.3,3.7,61,0.0
M,1212,Przemysław Płacheta,5.5,5.5,Norwich City,0,0.0,0.0,0.0,0.0,0.0,0.0,0.0,0.0,0.0,0.0,0.0,0.0,0.0,0,0.0
D,1075,Sam McCallum,5,5,Norwich City,30,1.3,30.4,1.5,31.0,1.4,31.6,1.4,32.2,1.4,32.8,1.3,33.4,1.5,34,0.0
D,3822,Shane Duffy,5.5,5.5,Norwich City,0,0.0,0.0,0.0,0.0,0.0,0.0,0.0,0.0,0.0,0.0,0.0,0.0,0.0,0,0.0
G,1047,Tim Krul,5,5,Norwich City,0,0.0,2.0,0.1,4.0,0.1,6.0,0.2,8.0,0.3,10.0,0.4,12.0,0.4,14,0.0
M,3646,Adam Fletcher Randell,5,5,Plymouth Argyle,70,1.9,69.9,1.9,69.7,2.4,69.6,2.0,69.4,2.2,69.3,2.0,69.1,2.1,69,0.0
D,1208,Bali Mumba,5.5,5.5,Plymouth Argyle,71,2.8,71.3,1.9,71.4,2.6,71.5,2.4,71.7,2.7,71.8,2.8,71.9,2.5,72,0.0
F,3645,Benjamin Peter Waine,4.5,4.5,Plymouth Argyle,29,0.9,29,1.0,29,1.1,29,1.0,29,1.0,29,0.9,29,1.1,29,0.0
D,923,Brendan Joel Zibusiso Galloway,4.5,4.5,Plymouth Argyle,69,2.5,68.9,1.7,68.7,2.2,68.6,2.0,68.4,2.4,68.3,2.5,68.1,2.0,68,0.0
G,3639,Callum Alex David Burton,4.5,4.5,Plymouth Argyle,76,2.6,73.6,2.4,70.9,2.3,68.1,2.4,65.3,2.1,62.5,2.1,59.8,2.1,57,0.0
M,2798,Callum Wright,5.5,5.5,Plymouth Argyle,50,1.8,49.9,1.9,49.7,2.5,49.6,2.1,49.4,2.3,49.3,1.9,49.1,2.3,49,0.0
G,3847,Conor Hazard,4,4,Plymouth Argyle,0,0.0,0.0,0.0,0.0,0.0,0.0,0.0,0.0,0.0,0.0,0.0,0.0,0.0,0,0.0
D,3643,Daniel George Scarr,4.5,4.5,Plymouth Argyle,78,2.9,77.3,1.9,76.7,2.6,76.2,2.3,75.6,2.6,75.1,2.8,74.5,2.3,74,0.0
M,3897,Finn Azaz,5.5,5.5,Plymouth Argyle,57,1.9,56.9,2.0,56.4,2.4,55.9,2.1,55.5,2.3,55.0,2.0,54.5,2.2,54,0.0
M,3644,Jordan Alexander Houghton,4.5,4.5,Plymouth Argyle,64,1.7,64.2,1.6,64.0,2.1,63.8,1.7,63.6,1.9,63.4,1.8,63.2,1.7,63,0.0
D,3641,Joseph Robert Edwards,4.5,4.5,Plymouth Argyle,67,2.6,67.3,1.9,67.3,2.5,67.2,2.2,67.2,2.6,67.1,2.6,67.1,2.4,67,0.0
D,3824,Julio Pleguezuelo,4.5,4.5,Plymouth Argyle,0,0.0,0,0.0,0,0.0,0,0.0,0,0.0,0,0.0,0,0.0,0,0.0
D,2788,K. Kessler,4.5,4.5,Plymouth Argyle,0,0.0,0,0.0,0,0.0,0,0.0,0,0.0,0,0.0,0,0.0,0,0.0
D,1291,Lewis Gibson,4.5,4.5,Plymouth Argyle,0,0.0,0,0.0,0,0.0,0,0.0,0,0.0,0,0.0,0,0.0,0,0.0
M,3879,Lewis Warrington,4.5,4.5,Plymouth Argyle,0,0.0,0,0.0,0,0.0,0,0.0,0,0.0,0,0.0,0,0.0,0,0.0
D,3642,Macaulay Gillesphey,4.5,4.5,Plymouth Argyle,76,2.9,75.9,2.0,76.3,2.7,76.6,2.4,77.0,2.8,77.3,2.9,77.7,2.5,78,0.0
M,1030,Matt Butcher,4.5,4.5,Plymouth Argyle,63,1.8,63.2,1.6,63.0,2.1,62.8,1.7,62.6,1.9,62.4,1.7,62.2,1.8,62,0.0
G,3640,Michael John Cooper,4.5,4.5,Plymouth Argyle,86,3.6,86.0,3.4,86.0,3.3,86.0,3.6,86.0,3.3,86.0,3.6,86.0,3.5,86,0.0
M,1218,Mikel Miller,5,5,Plymouth Argyle,43,1.1,37.0,0.9,30.9,1.0,24.7,0.6,18.5,0.6,12.3,0.3,6.2,0.2,0,0.0
F,636,Morgan Whittaker,6,6,Plymouth Argyle,79,2.3,80.0,2.6,81.0,2.9,82.0,2.7,83.0,2.8,84.0,2.5,85.0,3.0,86,0.0
F,3648,Ryan Hardie,5.5,5.5,Plymouth Argyle,58,1.9,57.3,2.0,56.7,2.3,56.2,2.2,55.6,2.1,55.1,1.8,54.5,2.2,54,0.0
D,3638,Saxon Earley,4,4,Plymouth Argyle,41,1.5,41,1.0,41,1.4,41,1.3,41,1.5,41,1.5,41,1.3,41,0.0
M,3647,Tyreik Samuel Wright,5,5,Plymouth Argyle,53,1.6,53,1.6,53,2.0,53,1.7,53,1.9,53,1.6,53,1.8,53,0.0
M,370,Alan Browne,5.5,5.5,Preston North End,69,2.6,70.2,2.8,71.1,2.5,72.1,2.7,73.1,3.2,74.1,2.8,75.0,3.5,76,0.0
M,2331,Alistair McCann,5,5,Preston North End,71,2.4,69.4,2.5,67.9,2.0,66.3,2.2,64.7,2.4,63.1,2.1,61.6,2.5,60,0.0
D,347,Andrew Hughes,5,5,Preston North End,77,2.7,76.4,2.7,75.9,2.3,75.3,2.6,74.7,2.9,74.1,2.5,73.6,2.5,73,0.0
M,1392,Benjamin Whiteman,5.5,5.5,Preston North End,80,3.1,79.6,3.3,79.1,2.8,78.7,3.1,78.3,3.5,77.9,3.0,77.4,3.7,77,0.0
M,1658,Benjamin Woodburn,5.5,5.5,Preston North End,58,2.1,54.2,2.1,50.0,1.7,45.8,1.7,41.6,1.7,37.4,1.4,33.2,1.5,29,0.0
D,362,Brad Potts,5.5,5.5,Preston North End,73,2.8,73.4,2.9,73.9,2.5,74.3,2.9,74.7,3.3,75.1,2.8,75.6,3.0,76,0.0
D,3825,Calvin Ramsey,5.5,5.5,Preston North End,0,0.0,0.0,0.0,0.0,0.0,0.0,0.0,0.0,0.0,0.0,0.0,0.0,0.0,0,0.0
F,1393,Ched Evans,5.5,5.5,Preston North End,63,3.2,63.0,2.9,62.9,2.8,62.7,2.8,62.5,3.8,62.3,3.3,62.2,3.5,62,0.0
G,1686,David Cornell,4.5,4.5,Preston North End,0,0.0,0.0,0.0,0.0,0.0,0.0,0.0,0.0,0.0,0.0,0.0,0.0,0.0,0,0.0
M,626,Duane Holmes,5,5,Preston North End,0,0.0,0,0.0,0,0.0,0,0.0,0,0.0,0,0.0,0,0.0,0,0.0
F,1299,Emil Riis,7,7,Preston North End,66,2.7,66.4,2.6,67.0,2.5,67.6,2.6,68.2,3.2,68.8,2.8,69.4,3.1,70,0.0
G,791,Freddie Woodman,5.5,5.5,Preston North End,72,3.0,74.6,2.7,77.1,3.0,79.7,3.0,82.3,3.4,84.9,3.4,87.4,3.2,90,0.0
D,110,Greg Cunningham,5,5,Preston North End,75,2.9,71.7,2.9,68.6,2.3,65.5,2.5,62.3,2.8,59.2,2.3,56.1,2.2,53,0.0
D,2704,Jack Whatmough,5,5,Preston North End,0,0.0,0,0.0,0,0.0,0,0.0,0,0.0,0,0.0,0,0.0,0,0.0
D,345,Jordan Storey,5.5,5.5,Preston North End,67,2.2,69.2,2.4,71.1,2.1,73.1,2.4,75.1,2.8,77.1,2.5,79.0,2.5,81,0.0
D,3899,Kian Best,4.5,4.5,Preston North End,0,0.0,0.0,0.0,0.0,0.0,0.0,0.0,0.0,0.0,0.0,0.0,0.0,0.0,0,0.0
F,3873,Layton Layton,5,5,Preston North End,0,0.0,0.0,0.0,0.0,0.0,0.0,0.0,0.0,0.0,0.0,0.0,0.0,0.0,0,0.0
D,755,Liam Lindsay,5,5,Preston North End,78,2.2,77.0,2.3,76.0,1.9,75.0,2.2,74.0,2.3,73.0,2.0,72.0,2.0,71,0.0
M,3848,Mads Frokjaer-Jensen,6,6,Preston North End,57,2.2,57,2.3,57,2.0,57,2.2,57,2.5,57,2.2,57,2.7,57,0.0
D,348,Patrick Bauer,5,5,Preston North End,69,2.4,59.0,2.1,49.1,1.5,39.3,1.4,29.5,1.1,19.7,0.7,9.8,0.3,0,0.0
D,2403,Robbie Brady,5.5,5.5,Preston North End,48,2.3,46.7,2.3,45.9,1.9,45.1,2.1,44.4,2.6,43.6,2.1,42.8,2.2,42,0.0
M,356,Ryan Ledson,5,5,Preston North End,48,1.4,47.7,1.5,47.9,1.3,48.1,1.5,48.4,1.6,48.6,1.4,48.8,1.8,49,0.0
F,2716,William Keane,6,6,Preston North End,57,2.7,57,2.5,57,2.3,57,2.4,57,3.1,57,2.7,57,2.9,57,0.0
D,3572,Aaron Drewe,4,4,Queens Park Rangers,38,1.3,39.9,1.0,41.6,1.6,43.3,1.6,44.9,1.4,46.6,1.3,48.3,1.6,50,0.0
M,96,Albert Danquah Adomah,5,5,Queens Park Rangers,0,0.0,5.3,0.2,10.6,0.4,15.9,0.5,21.1,0.9,26.4,1.1,31.7,1.7,37,0.0
M,1688,Andre Dozzell,4.5,4.5,Queens Park Rangers,66,2.0,62.5,1.5,59.3,1.6,56.0,1.4,52.8,1.4,49.5,1.2,46.3,1.4,43,0.0
G,1036,Asmir Begović,4.5,4.5,Queens Park Rangers,0,0.0,0.0,0.0,0.0,0.0,0.0,0.0,0.0,0.0,0.0,0.0,0.0,0.0,0,0.0
M,66,Chris Willock,7,7,Queens Park Rangers,69,4.1,65.0,3.0,60.6,2.7,56.3,2.3,52.0,2.8,47.7,2.3,43.3,2.7,39,0.0
M,3568,Elijah Dixon-Bonner,4.5,4.5,Queens Park Rangers,6,0.2,5.1,0.1,4.3,0.1,3.4,0.1,2.6,0.1,1.7,0.0,0.9,0.0,0,0.0
M,699,Ilias Chair,8.5,8.5,Queens Park Rangers,77,4.6,77.0,3.6,77.5,3.4,78.0,3.0,78.5,4.4,79.0,3.8,79.5,5.0,80,0.0
M,537,Jack Colback,5,5,Queens Park Rangers,0,0.0,0,0.0,0,0.0,0,0.0,0,0.0,0,0.0,0,0.0,0,0.0
D,204,Jake Clarke-Salter,4.5,4.5,Queens Park Rangers,56,1.9,54.9,1.5,53.7,2.0,52.6,2.0,51.4,1.7,50.3,1.5,49.1,1.6,48,0.0
D,1692,Jimmy Dunne,4.5,4.5,Queens Park Rangers,0,0.0,12.0,0.3,24.0,0.9,36.0,1.4,48.0,1.6,60.0,1.7,72.0,2.6,84,0.0
G,29,Jordan Archer,4,4,Queens Park Rangers,0,0.0,0.0,0.0,0.0,0.0,0.0,0.0,0.0,0.0,0.0,0.0,0.0,0.0,0,0.0
D,2665,Kenneth Paal,5,5,Queens Park Rangers,78,2.9,79.5,2.3,80.8,3.1,82.0,3.2,83.3,2.9,84.5,2.5,85.8,3.0,87,0.0
F,1227,Lyndon Dykes,7,7,Queens Park Rangers,77,3.2,77.7,2.8,78.2,2.6,78.8,2.5,79.3,3.3,79.9,2.9,80.4,3.5,81,0.0
D,750,Morgan Fox,4.5,4.5,Queens Park Rangers,59,2.4,59,1.8,59,2.4,59,2.4,59,2.3,59,2.0,59,2.4,59,0.0
D,707,Osman Kakay,4,4,Queens Park Rangers,77,3.0,72.3,2.2,67.7,2.7,63.2,2.5,58.6,2.1,54.1,1.7,49.5,1.9,45,0.0
M,1221,Paul Smyth,5.5,5.5,Queens Park Rangers,35,1.3,35,1.0,35,1.1,35,1.0,35,1.1,35,1.1,35,1.3,35,0.0
M,890,Sam Field,5,5,Queens Park Rangers,84,2.7,84.2,2.2,84.9,2.3,85.5,2.2,86.1,2.4,86.7,2.3,87.4,2.9,88,0.0
F,2751,Sinclair Armstrong,5.5,5.5,Queens Park Rangers,33,0.8,31.7,0.7,30.4,0.6,29.1,0.6,27.9,0.7,26.6,0.6,25.3,0.6,24,0.0
M,2492,Taylor Richards,5.5,5.5,Queens Park Rangers,57,1.7,48.9,1.2,40.7,1.1,32.6,0.8,24.4,0.7,16.3,0.4,8.1,0.3,0,0.0
D,3826,Ziyad Larkeche,4.5,4.5,Queens Park Rangers,29,1.0,29,0.8,29,1.1,29,1.1,29,0.9,29,0.8,29,1.0,29,0.0
M,366,Andre Green,5.5,5.5,Rotherham United,0,0.0,0.0,0.0,0.0,0.0,0.0,0.0,0.0,0.0,0.0,0.0,0.0,0.0,0,0.0
M,1121,Ben Wiles,5.5,5.5,Rotherham United,71,2.1,70.2,2.0,69.1,1.8,68.1,2.1,67.1,2.2,66.1,1.9,65.0,2.1,64,0.0
D,2726,Cameron Humphreys,4.5,4.5,Rotherham United,75,2.1,76.1,2.7,77.3,1.7,78.4,2.3,79.6,2.6,80.7,2.8,81.9,2.8,83,0.0
M,1332,Carlos Miguel Ribeiro Dias,5,5,Rotherham United,0,0.0,0.0,0.0,0.0,0.0,0.0,0.0,0.0,0.0,0.0,0.0,0.0,0.0,0,0.0
D,2720,Cohen Bramall,4.5,4.5,Rotherham United,74,2.5,71.2,2.8,68.9,1.8,66.5,2.4,64.1,2.5,61.7,2.4,59.4,2.5,57,0.0
D,3880,Dexter Lembikisa,4.5,4.5,Rotherham United,0,0.0,0.0,0.0,0.0,0.0,0.0,0.0,0.0,0.0,0.0,0.0,0.0,0.0,0,0.0
G,873,Dillon Phillips,4.5,4.5,Rotherham United,0,0.0,0,0.0,0,0.0,0,0.0,0,0.0,0,0.0,0,0.0,0,0.0
M,1187,Fred Onyedinma,5.5,5.5,Rotherham United,57,1.9,57,1.8,57,1.7,57,2.0,57,2.2,57,1.8,57,2.1,57,0.0
F,2673,George Kelly,5,5,Rotherham United,24,0.6,22.5,0.5,21.4,0.5,20.3,0.5,19.3,0.5,18.2,0.4,17.1,0.4,16,0.0
D,690,Grant Hall,4.5,4.5,Rotherham United,59,1.6,58.7,2.0,58.2,1.2,57.8,1.6,57.3,1.8,56.9,1.9,56.4,1.9,56,0.0
M,2671,Hakeem Odoffin,4.5,4.5,Rotherham United,64,2.3,60.2,2.0,56.9,1.8,53.5,2.1,50.1,2.1,46.7,1.6,43.4,1.8,40,0.0
M,1160,Jamie Lindsay,5,5,Rotherham United,74,1.9,71.9,1.8,69.6,1.7,67.3,1.8,64.9,1.9,62.6,1.7,60.3,1.7,58,0.0
D,2674,Jamie McCart,4,4,Rotherham United,29,0.8,29,1.1,29,0.7,29,0.9,29,1.0,29,1.0,29,1.0,29,0.0
F,702,Jordan Hugill,6,6,Rotherham United,64,2.1,65.6,1.9,67.1,1.9,68.7,2.4,70.3,2.3,71.9,2.1,73.4,2.6,75,0.0
D,82,Lee Peltier,4.5,4.5,Rotherham United,66,1.8,66.1,2.4,66.4,1.6,66.7,1.9,67.1,2.2,67.4,2.3,67.7,2.4,68,0.0
M,2670,Oliver Rathbone,5,5,Rotherham United,70,2.3,70.2,2.2,70.0,2.0,69.8,2.4,69.6,2.6,69.4,2.2,69.2,2.5,69,0.0
D,86,Sean Morrison,4.5,4.5,Rotherham United,68,1.9,58.3,2.1,48.6,1.1,38.9,1.1,29.1,0.9,19.4,0.7,9.7,0.3,0,0.0
M,334,Shane Ferguson,5,5,Rotherham United,43,1.6,43.3,1.5,43.4,1.4,43.5,1.7,43.7,1.8,43.8,1.6,43.9,1.9,44,0.0
D,2668,Tolaji Bola,4,4,Rotherham United,0,0.0,0.0,0.0,0.0,0.0,0.0,0.0,0.0,0.0,0.0,0.0,0.0,0.0,0,0.0
F,525,Tom Eaves,5.5,5.5,Rotherham United,23,0.5,22.1,0.5,21.3,0.4,20.4,0.5,19.6,0.5,18.7,0.4,17.9,0.4,17,0.0
D,137,Tyler Blackett,4.5,4.5,Rotherham United,60,1.7,51.3,1.8,42.7,1.0,34.2,1.0,25.6,0.8,17.1,0.6,8.5,0.3,0,0.0
G,1264,Viktor Johansson,5,5,Rotherham United,72,3.3,74.6,3.2,77.1,3.3,79.7,3.5,82.3,3.4,84.9,3.7,87.4,4.3,90,0.0
D,3650,Akinlolu Richard Olamide Famewo,4,4,Sheffield Wednesday,81,2.6,78.3,3.1,75.2,2.4,72.2,2.5,69.1,1.9,66.1,1.8,63.0,2.2,60,0.0
M,2310,Anthony Musaba,5.5,5.5,Sheffield Wednesday,0,0.0,0.0,0.0,0.0,0.0,0.0,0.0,0.0,0.0,0.0,0.0,0.0,0.0,0,0.0
F,675,Ashley Fletcher,6,6,Sheffield Wednesday,39,1.7,39,1.7,39,1.6,39,1.5,39,1.5,39,1.5,39,1.5,39,0.0
D,841,Bambo Diaby,5,5,Sheffield Wednesday,0,0.0,0,0.0,0,0.0,0,0.0,0,0.0,0,0.0,0,0.0,0,0.0
M,735,Barry Bannan,6.5,6.5,Sheffield Wednesday,82,3.8,81.7,3.5,81.8,3.7,81.8,3.2,81.9,2.9,81.9,2.9,82.0,3.4,82,0.0
M,114,Callum Paterson,5,5,Sheffield Wednesday,39,1.7,40.8,1.6,42.9,1.8,44.9,1.6,46.9,1.5,48.9,1.6,51.0,1.9,53,0.0
G,720,Cameron Dawson,4.5,4.5,Sheffield Wednesday,86,2.7,81.7,3.5,77.9,2.4,74.1,2.4,70.4,2.3,66.6,2.2,62.8,2.0,59,0.0
D,2164,Di'Shon Bernard,4.5,4.5,Sheffield Wednesday,0,0.0,0,0.0,0,0.0,0,0.0,0,0.0,0,0.0,0,0.0,0,0.0
D,729,Dominic Iorfa,4.5,4.5,Sheffield Wednesday,78,2.5,76.1,3.0,74.3,2.4,72.4,2.5,70.6,2.0,68.7,1.9,66.9,2.3,65,0.0
M,804,George Byers,5.5,5.5,Sheffield Wednesday,73,3.0,72.6,2.7,72.7,3.0,72.7,2.6,72.8,2.3,72.9,2.3,72.9,2.7,73,0.0
M,417,Josh Windass,6.5,6.5,Sheffield Wednesday,78,4.4,75.5,3.9,72.6,4.0,69.7,3.2,66.8,2.9,63.8,2.8,60.9,2.9,58,0.0
D,3878,Juan Delgado,4.5,4.5,Sheffield Wednesday,51,1.5,51,1.9,51,1.5,51,1.6,51,1.2,51,1.2,51,1.6,51,0.0
F,771,Lee Gregory,5.5,5.5,Sheffield Wednesday,0,0.0,8.7,0.4,17.4,0.8,26.1,1.0,34.9,1.4,43.6,1.8,52.3,2.1,61,0.0
D,749,Liam Palmer,4.5,4.5,Sheffield Wednesday,15,0.5,24.6,1.0,34.0,1.1,43.4,1.5,52.8,1.5,62.2,1.7,71.6,2.5,81,0.0
M,529,Mallik Wilks,5,5,Sheffield Wednesday,22,1.0,22.8,1.0,24.0,1.1,25.2,1.0,26.4,0.9,27.6,1.0,28.8,1.2,30,0.0
M,669,Marvin Johnson,6,6,Sheffield Wednesday,0,0.0,11.6,0.5,23.1,1.0,34.7,1.3,46.3,1.5,57.9,1.9,69.4,2.6,81,0.0
D,1120,Michael Ihiekwe,4.5,4.5,Sheffield Wednesday,73,2.4,69.5,2.9,66.3,2.2,63.0,2.2,59.8,1.7,56.5,1.6,53.3,1.8,50,0.0
F,1125,Michael Smith,6,6,Sheffield Wednesday,73,3.7,72.3,3.9,71.4,3.7,70.5,3.1,69.7,3.2,68.8,3.1,67.9,3.0,67,0.0
G,3649,Pierce Charles,4,4,Sheffield Wednesday,0,0.0,0.0,0.0,0.0,0.0,0.0,0.0,0.0,0.0,0.0,0.0,0.0,0.0,0,0.0
D,3882,Pol Valentin,4.5,4.5,Sheffield Wednesday,0,0.0,0.0,0.0,0.0,0.0,0.0,0.0,0.0,0.0,0.0,0.0,0.0,0.0,0,0.0
D,1673,Reece James,4.5,4.5,Sheffield Wednesday,68,2.4,67.2,2.9,66.7,2.4,66.1,2.5,65.6,2.0,65.1,2.0,64.5,2.4,64,0.0
M,1270,Tyreeq Bakinson,4.5,4.5,Sheffield Wednesday,25,0.9,24.3,0.8,24.1,0.9,23.9,0.8,23.7,0.7,23.4,0.7,23.2,0.8,23,0.0
M,121,Will Vaulks,4.5,4.5,Sheffield Wednesday,77,2.8,76.1,2.5,75.6,2.8,75.1,2.4,74.6,2.1,74.0,2.1,73.5,2.5,73,0.0
F,598,Adam Armstrong,10,10,Southampton,70,2.0,64.2,1.9,58.1,1.7,52.1,1.4,46.1,1.2,40.1,1.1,34.0,0.8,28,0.0
G,3652,Alex Simon McCarthy,5.5,5.5,Southampton,18,0.7,20.9,0.6,23.7,0.9,26.6,0.9,29.4,1.0,32.3,1.1,35.1,1.2,38,0.0
D,3317,Armel Bella-Kotchap,6,6,Southampton,0,0.0,10.4,0.3,20.9,0.8,31.3,0.9,41.7,1.1,52.1,1.4,62.6,2.0,73,0.0
M,3666,Carlos Jonas Alcaraz,9.5,9.5,Southampton,67,2.7,65.5,3.2,63.9,2.7,62.3,2.5,60.8,2.0,59.2,2.0,57.6,2.0,56,0.0
F,3668,Che Zach Everton Fred Adams,11,11,Southampton,38,1.8,41.9,2.0,45.7,2.3,49.6,2.0,53.4,2.1,57.3,2.4,61.1,2.2,65,0.0
F,3665,Ebere Paul Onuachu,9,9,Southampton,0,0.0,0,0.0,0,0.0,0,0.0,0,0.0,0,0.0,0,0.0,0,0.0
G,3656,Gavin Okeroghene Bazunu,6,6,Southampton,72,2.6,71.0,2.1,70.0,2.7,69.0,2.1,68.0,2.3,67.0,2.2,66.0,2.1,65,0.0
D,3654,Jack Stephens,5.5,5.5,Southampton,61,2.0,61,1.7,61,2.2,61,1.8,61,1.6,61,1.6,61,2.0,61,0.0
D,924,James Bree,6.5,6.5,Southampton,29,1.6,29,1.5,29,1.8,29,1.4,29,1.3,29,1.3,29,1.3,29,0.0
M,3667,James Michael Edward Ward-Prowse,11,11,Southampton,79,4.5,80.5,5.4,81.7,5,83.0,4.8,84.2,4.3,85.5,4.3,86.7,4.3,88,0.0
D,2971,Jan Kacper Bednarek,6,6,Southampton,59,1.8,62.3,1.6,65.7,2.2,69.2,1.9,72.6,1.8,76.1,1.9,79.5,2.5,83,0.0
M,3661,Joseph Oluwaseyi Temitope Ayodele-Aribo,7,7,Southampton,0,0.0,4.3,0.2,8.6,0.3,12.9,0.5,17.1,0.5,21.4,0.6,25.7,0.8,30,0.0
D,3657,Juan Larios Lopez,6,6,Southampton,0,0.0,0.0,0.0,0.0,0.0,0.0,0.0,0.0,0.0,0.0,0.0,0.0,0.0,0,0.0
M,3138,Kamaldeen Sulemana,9.5,9.5,Southampton,0,0.0,7.4,0.4,14.9,0.7,22.3,1.0,29.7,1.2,37.1,1.5,44.6,1.8,52,0.0
D,3660,Kyle Leonardus Walker-Peters,7,7,Southampton,85,3.0,84.2,2.6,83.8,3.3,83.5,2.7,83.1,2.3,82.7,2.4,82.4,2.8,82,0.0
D,3653,Lyanco Evangelista Silveira Neves Vojnovic,5.5,5.5,Southampton,37,1.3,38.9,1.2,41.3,1.6,43.6,1.4,46.0,1.3,48.3,1.4,50.7,1.7,53,0.0
M,3663,Moussa Djenepo,8,8,Southampton,0,0.0,2.3,0.1,4.6,0.1,6.9,0.2,9.1,0.2,11.4,0.3,13.7,0.4,16,0.0
M,2775,Nathan Tella,10.5,10.5,Southampton,49,4.0,49,4.5,49,4.3,49,3.9,49,3.5,49,3.6,49,3.1,49,0.0
D,3658,Romain Paul Jean-Michel Perraud,6,6,Southampton,0,0.0,8.6,0.3,17.1,0.7,25.7,0.8,34.3,1.0,42.9,1.3,51.4,1.8,60,0.0
M,2357,Roméo Lavia,6,6,Southampton,55,1.3,58.3,1.9,61.6,1.5,64.9,1.8,68.1,1.4,71.4,1.5,74.7,1.8,78,0.0
D,698,Ryan Manning,7,7,Southampton,61,4.2,61,3.9,61,4.5,61,3.9,61,3.5,61,3.7,61,3.5,61,0.0
M,2392,Samuel Edozie,8,8,Southampton,53,2.0,50.1,2.4,47.1,1.9,44.1,1.8,41.0,1.4,38.0,1.3,35.0,1.2,32,0.0
F,3664,Sekou Mara,8,8,Southampton,0,0.0,2.3,0.1,4.6,0.1,6.9,0.2,9.1,0.2,11.4,0.3,13.7,0.4,16,0.0
M,3849,Shea Charles,6,6,Southampton,0,0.0,0.0,0.0,0.0,0.0,0.0,0.0,0.0,0.0,0.0,0.0,0.0,0.0,0,0.0
M,3662,Stuart Armstrong,7.5,7.5,Southampton,36,1.5,36.3,1.9,36.9,1.6,37.5,1.5,38.2,1.3,38.8,1.4,39.4,1.4,40,0.0
D,3659,Valentino Francisco Livramento,7,7,Southampton,0,0.0,0.0,0.0,0.0,0.0,0.0,0.0,0.0,0.0,0.0,0.0,0.0,0.0,0,0.0
M,2742,Will Smallbone,7,7,Southampton,33,2.2,33,2.5,33,2.3,33,2.0,33,1.8,33,1.9,33,1.7,33,0.0
M,3877,Andre Vidigal,6.5,6.5,Stoke City,0,0.0,0,0.0,0,0.0,0,0.0,0,0.0,0,0.0,0,0.0,0,0.0
M,351,Ben Pearson,5,5,Stoke City,62,1.7,64.6,1.6,66.9,1.9,69.1,1.8,71.3,2.1,73.5,2.4,75.8,1.9,78,0.0
D,794,Ben Wilmot,5,5,Stoke City,67,2.3,69.2,3.3,71.1,2.5,73.1,3.7,75.1,2.6,77.1,2.6,79.0,3.7,81,0.0
M,354,Daniel Johnson,6.5,6.5,Stoke City,0,0.0,0,0.0,0,0.0,0,0.0,0,0.0,0,0.0,0,0.0,0,0.0
M,2462,D'Margio Wright-Phillips,5,5,Stoke City,0,0.0,0.0,0.0,0.0,0.0,0.0,0.0,0.0,0.0,0.0,0.0,0.0,0.0,0,0.0
F,2741,Dwight Gayle,6,6,Stoke City,63,2.8,62.9,3.1,62.7,3.0,62.6,3.1,62.4,3.1,62.3,3.4,62.1,3.2,62,0.0
F,2619,Emre Tezgel,5,5,Stoke City,0,0.0,0.0,0.0,0.0,0.0,0.0,0.0,0.0,0.0,0.0,0.0,0.0,0.0,0,0.0
D,1541,Enda Stevens,5,5,Stoke City,0,0.0,0,0.0,0,0.0,0,0.0,0,0.0,0,0.0,0,0.0,0,0.0
M,3872,Francisco Jorge Tavares Oliveira,6.5,6.5,Stoke City,0,0.0,0.0,0.0,0.0,0.0,0.0,0.0,0.0,0.0,0.0,0.0,0.0,0.0,0,0.0
G,1690,Jack Bonham,4.5,4.5,Stoke City,81,2.6,77.5,3.7,74.3,2.4,71.0,3.6,67.8,2.2,64.5,2.0,61.3,2.9,58,0.0
F,857,Jacob Brown,6.5,6.5,Stoke City,73,3.4,73.6,4.0,74.1,3.7,74.7,4.0,75.3,3.8,75.9,4.5,76.4,4.2,77,0.0
M,780,Jordan Thompson,5,5,Stoke City,71,2.1,66.5,1.9,61.6,2.0,56.7,1.7,51.7,1.7,46.8,1.7,41.9,1.2,37,0.0
M,1274,Josh Laurent,5.5,5.5,Stoke City,74,3.2,75.7,3.4,77.3,3.5,78.8,3.5,80.4,3.8,81.9,4.4,83.5,3.7,85,0.0
D,761,Josh Tymon,5,5,Stoke City,68,2.9,65.9,3.8,63.4,2.7,60.9,3.6,58.5,2.5,56.0,2.5,53.5,3.0,51,0.0
D,3552,Ki-Jana Hoever,5.5,5.5,Stoke City,72,4.2,71.9,5.4,71.4,4.3,70.9,5.5,70.5,4.2,70.0,4.5,69.5,5.3,69,0.0
M,166,Lewis Baker,6,6,Stoke City,40,1.8,39.4,1.8,39.1,1.9,38.9,1.8,38.7,1.9,38.5,2.2,38.2,1.8,38,0.0
D,2719,Luke McNally,5,5,Stoke City,0,0.0,0,0.0,0,0.0,0,0.0,0,0.0,0,0.0,0,0.0,0,0.0
G,1015,Mark Travers,5,5,Stoke City,0,0.0,0,0.0,0,0.0,0,0.0,0,0.0,0,0.0,0,0.0,0,0.0
D,1147,Michael Rose,5,5,Stoke City,57,1.8,57,2.5,57,1.8,57,2.7,57,1.8,57,1.6,57,2.5,57,0.0
F,3127,Ryan Mmaee A'Nwambeben Kabir,6.5,6.5,Stoke City,0,0.0,0.0,0.0,0.0,0.0,0.0,0.0,0.0,0.0,0.0,0.0,0.0,0.0,0,0.0
F,772,Tyrese Campbell,7,7,Stoke City,71,3.9,71.7,4.6,72.6,4.4,73.5,4.7,74.3,4.5,75.2,5.3,76.1,5.0,77,0.0
F,3884,Wesley Moraes,6.5,6.5,Stoke City,0,0.0,0.0,0.0,0.0,0.0,0.0,0.0,0.0,0.0,0.0,0.0,0.0,0.0,0,0.0
M,2802,Abdoullah Ba,5.5,5.5,Sunderland,0,0.0,3.0,0.2,6.0,0.3,9.0,0.4,12.0,0.6,15.0,0.7,18.0,0.8,21,0.0
D,2733,Aji Alese,5,5,Sunderland,0,0.0,9.3,0.5,18.6,0.7,27.9,1.1,37.1,1.5,46.4,1.9,55.7,2.7,65,0.0
M,59,Alex Pritchard,6.5,6.5,Sunderland,41,2.2,42.1,2.5,43.8,2.1,45.4,2.1,47.1,2.6,48.7,2.5,50.4,2.6,52,0.0
G,2677,Anthony Patterson,5.5,5.5,Sunderland,86,3.0,86.1,4.3,86.8,3.1,87.4,3.4,88.1,3.1,88.7,3.3,89.4,3.9,90,0.0
M,593,Bradley Dack,6,6,Sunderland,0,0.0,0,0.0,0,0.0,0,0.0,0,0.0,0,0.0,0,0.0,0,0.0
M,3527,Chris Rigg,5,5,Sunderland,0,0.0,0.0,0.0,0.0,0.0,0.0,0.0,0.0,0.0,0.0,0.0,0.0,0.0,0,0.0
M,608,Corry Evans,4.5,4.5,Sunderland,0,0.0,9.7,0.3,19.4,0.6,29.1,0.7,38.9,1.3,48.6,1.5,58.3,1.6,68,0.0
D,1659,Daniel George Ballard,5.5,5.5,Sunderland,89,3.2,89.4,4.7,89.5,3.2,89.6,3.0,89.7,3.2,89.8,3.2,89.9,3.8,90,0.0
M,2683,Daniel Neil,5.5,5.5,Sunderland,82,3.0,81.9,3.0,81.9,2.7,81.9,2.5,82.0,3.1,82.0,2.8,82.0,2.6,82,0.0
D,756,Danny Batth,5.5,5.5,Sunderland,0,0.0,12.3,0.6,24.6,0.8,36.9,1.1,49.1,1.5,61.4,1.9,73.7,2.7,86,0.0
D,2679,Dennis Cirkin,5.5,5.5,Sunderland,64,3.3,61.1,4.6,58.3,2.9,55.4,2.7,52.6,2.8,49.7,2.5,46.9,2.9,44,0.0
M,1641,Elliot Embleton,5.5,5.5,Sunderland,0,0.0,6.3,0.3,12.6,0.5,18.9,0.6,25.1,1.0,31.4,1.2,37.7,1.4,44,0.0
M,1915,Isaac Lihadji,5.5,5.5,Sunderland,0,0.0,0.0,0.0,0.0,0.0,0.0,0.0,0.0,0.0,0.0,0.0,0.0,0.0,0,0.0
M,479,Jack Clarke,9,9,Sunderland,83,4.8,83.5,5.6,83.8,4.4,84.0,4.2,84.3,5.1,84.5,4.7,84.8,4.9,85,0.0
M,2687,Jay Matete,4.5,4.5,Sunderland,0,0.0,0,0.0,0,0.0,0,0.0,0,0.0,0,0.0,0,0.0,0,0.0
D,3827,Jenson Seelt,5,5,Sunderland,0,0.0,0.0,0.0,0.0,0.0,0.0,0.0,0.0,0.0,0.0,0.0,0.0,0.0,0,0.0
M,2812,Jewison Bennette,6,6,Sunderland,0,0.0,0.0,0.0,0.0,0.0,0.0,0.0,0.0,0.0,0.0,0.0,0.0,0.0,0,0.0
M,2418,Jobe Bellingham,6,6,Sunderland,53,2.2,53,2.3,53,2.1,53,1.9,53,2.4,53,2.1,53,2.1,53,0.0
F,3829,Luis Semedo,6,6,Sunderland,0,0.0,0.0,0.0,0.0,0.0,0.0,0.0,0.0,0.0,0.0,0.0,0.0,0.0,0,0.0
M,2684,Luke O'Nien,5,5,Sunderland,75,2.6,75.1,2.5,75.3,2.3,75.4,2.0,75.6,2.7,75.7,2.4,75.9,2.3,76,0.0
M,2682,Lynden Gooch,5.5,5.5,Sunderland,0,0.0,10.4,0.4,20.9,0.7,31.3,0.9,41.7,1.5,52.1,1.8,62.6,1.9,73,0.0
G,3898,Nathan Bishop,5,5,Sunderland,0,0.0,0.0,0.0,0.0,0.0,0.0,0.0,0.0,0.0,0.0,0.0,0.0,0.0,0,0.0
D,3828,Nectarios Triantis,5,5,Sunderland,0,0.0,0,0.0,0,0.0,0,0.0,0,0.0,0,0.0,0,0.0,0,0.0
D,2680,Niall Huggins,4.5,4.5,Sunderland,0,0.0,0.0,0.0,0.0,0.0,0.0,0.0,0.0,0.0,0.0,0.0,0.0,0.0,0,0.0
M,668,Patrick Roberts,8,8,Sunderland,78,5.4,76.7,5.7,75.8,4.8,74.8,4.7,73.9,5.3,72.9,4.9,72.0,4.9,71,0.0
M,3546,Pierre Ekwah,5,5,Sunderland,73,3.2,67.4,3.2,62.0,2.5,56.6,2.1,51.2,2.4,45.8,1.9,40.4,1.7,35,0.0
F,2692,Ross Stewart,8.5,8.5,Sunderland,0,0.0,0.0,0.0,0.0,0.0,0.0,0.0,0.0,0.0,0.0,0.0,0.0,0.0,0,0.0
D,2681,Trai Hume,5.5,5.5,Sunderland,83,3.1,82.1,4.6,81.2,3.1,80.4,2.9,79.5,3.0,78.7,2.9,77.8,3.5,77,0.0
G,606,Andy Fisher,4.5,4.5,Swansea City,78,2.6,75.4,2.8,73.0,2.3,70.6,2.9,68.2,2.1,65.8,2.0,63.4,2.3,61,0.0
D,798,Benjamin Cabango,5,5,Swansea City,74,2.6,76.3,2.5,78.4,2.7,80.5,3.2,82.7,2.8,84.8,2.9,86.9,3.2,89,0.0
D,789,Brandon Cooper,4,4,Swansea City,0,0.0,0,0.0,0,0.0,0,0.0,0,0.0,0,0.0,0,0.0,0,0.0
M,2578,Cameron Congreve,4.5,4.5,Swansea City,0,0.0,0.0,0.0,0.0,0.0,0.0,0.0,0.0,0.0,0.0,0.0,0.0,0.0,0,0.0
G,3892,Carl Rushworth,4.5,4.5,Swansea City,0,0.0,0,0.0,0,0.0,0,0.0,0,0.0,0,0.0,0,0.0,0,0.0
D,3900,Harrison Ashby,5,5,Swansea City,0,0.0,0.0,0.0,0.0,0.0,0.0,0.0,0.0,0.0,0.0,0.0,0.0,0.0,0,0.0
D,2693,Harry Darling,5,5,Swansea City,49,1.9,48.0,1.8,47.5,2.0,47.0,2.1,46.5,1.9,46.0,1.9,45.5,2.0,45,0.0
M,289,Jamie Paterson,6.5,6.5,Swansea City,58,2.1,55.2,2.0,52.9,2.6,50.5,2.0,48.1,2.4,45.7,2.4,43.4,1.8,41,0.0
M,799,Jay Fulton,5,5,Swansea City,72,2.4,71.4,2.3,71.0,3.3,70.6,2.6,70.2,3.3,69.8,3.4,69.4,2.6,69,0.0
F,1128,Jerry Yates,7.5,7.5,Swansea City,0,0.0,0,0.0,0,0.0,0,0.0,0,0.0,0,0.0,0,0.0,0,0.0
M,784,Joe Allen,5,5,Swansea City,45,1.4,44.2,1.4,43.9,2.1,43.5,1.6,43.1,2.0,42.7,2.1,42.4,1.6,42,0.0
F,1664,Joel Piroe,10,10,Swansea City,70,3.1,72.9,3.6,75.4,4.7,77.9,4.4,80.5,5.0,83.0,5.4,85.5,5.1,88,0.0
M,368,Josh Ginnelly,6,6,Swansea City,0,0.0,0,0.0,0,0.0,0,0.0,0,0.0,0,0.0,0,0.0,0,0.0
D,3853,Josh Key,5,5,Swansea City,57,2.4,57,2.3,57,2.5,57,2.8,57,2.5,57,2.6,57,2.7,57,0.0
D,796,Kyle Naughton,4.5,4.5,Swansea City,67,2.4,59.8,1.9,53.0,1.7,46.2,1.8,39.4,1.3,32.6,1.1,25.8,0.9,19,0.0
F,809,Liam Cullen,6,6,Swansea City,58,3.0,56.1,3.2,54.4,3.9,52.7,3.5,51.1,3.7,49.4,3.7,47.7,3.3,46,0.0
M,291,Liam Walsh,5,5,Swansea City,41,1.4,34.8,1.1,29.0,1.3,23.2,0.8,17.4,0.8,11.6,0.5,5.8,0.2,0,0.0
M,800,Matt Grimes,5.5,5.5,Swansea City,72,2.5,74.6,2.5,77.1,3.6,79.7,2.9,82.3,3.7,84.9,4.1,87.4,3.2,90,0.0
F,3890,Mykola Kukharevych,6,6,Swansea City,0,0.0,0,0.0,0,0.0,0,0.0,0,0.0,0,0.0,0,0.0,0,0.0
D,670,Nathan Wood-Gordon,5,5,Swansea City,70,2.3,70.7,2.2,71.7,2.2,72.8,2.7,73.8,2.2,74.9,2.2,75.9,2.4,77,0.0
D,2536,Nathanael Ogbeta,4.5,4.5,Swansea City,0,0.0,0,0.0,0,0.0,0,0.0,0,0.0,0,0.0,0,0.0,0,0.0
M,1345,Oliver Cooper,6,6,Swansea City,52,2.0,51.4,1.9,51.4,2.8,51.3,2.2,51.2,2.7,51.1,2.8,51.1,2.3,51,0.0
M,2333,Olivier Ntcham,6,6,Swansea City,65,2.8,63.4,2.8,61.9,3.9,60.3,3.1,58.7,3.7,57.1,3.7,55.6,2.9,54,0.0
G,787,Steven Benda,4.5,4.5,Swansea City,88,3.0,87.3,3.4,86.6,2.8,85.9,3.6,85.1,2.7,84.4,2.7,83.7,3.2,83,0.0
M,1295,Ayotomiwa Dele-Bashiru,5.5,5.5,Watford,0,0.0,0.0,0.0,0.0,0.0,0.0,0.0,0.0,0.0,0.0,0.0,0.0,0.0,0,0.0
G,614,Ben Hamer,5,5,Watford,0,0.0,0.0,0.0,0.0,0.0,0.0,0.0,0.0,0.0,0.0,0.0,0.0,0.0,0,0.0
G,980,Daniel Bachmann,5.5,5.5,Watford,82,3.5,82.3,3.1,82.9,3.7,83.5,3.1,84.2,3.6,84.8,3.7,85.4,3.2,86,0.0
M,2701,Edo Kayembe,5.5,5.5,Watford,58,1.9,61.6,1.9,64.9,2.0,68.1,2.2,71.3,2.2,74.5,2.3,77.8,2.4,81,0.0
D,1258,Francisco Sierralta,5.5,5.5,Watford,44,1.7,44.3,1.3,45.1,1.6,45.9,1.4,46.6,1.7,47.4,1.7,48.2,1.5,49,0.0
M,3896,Giorgi Chakvetadze,7,7,Watford,0,0.0,0.0,0.0,0.0,0.0,0.0,0.0,0.0,0.0,0.0,0.0,0.0,0.0,0,0.0
M,2700,Imrân Louza,7,7,Watford,82,5.7,81.3,3.7,80.3,4.5,79.2,3.9,78.2,4.8,77.1,4.5,76.1,3.5,75,0.0
M,3455,Ismael Kenneth Jordan Kone,6,6,Watford,55,3.2,53.9,2.3,53.3,2.7,52.6,2.3,52.0,2.7,51.3,2.6,50.7,2.1,50,0.0
M,386,Jake Livermore,5,5,Watford,0,0.0,0,0.0,0,0.0,0,0.0,0,0.0,0,0.0,0,0.0,0,0.0
D,1053,Jamal Lewis,6,6,Watford,0,0.0,0.0,0.0,0.0,0.0,0.0,0.0,0.0,0.0,0.0,0.0,0.0,0.0,0,0.0
D,2818,James Morris,5,5,Watford,28,1.3,27.1,1.0,26.4,1.1,25.7,0.9,25.0,1.1,24.4,1.0,23.7,0.9,23,0.0
D,1203,Jeremy Ngakia,5.5,5.5,Watford,33,1.7,33.5,1.3,34.3,1.5,35.0,1.3,35.8,1.6,36.5,1.6,37.3,1.4,38,0.0
M,1004,Ken Sema,8,8,Watford,79,4.7,78.2,3.3,77.1,3.9,76.1,3.4,75.1,3.9,74.1,3.8,73.0,3.1,72,0.0
G,2695,Maduka Okoye,5,5,Watford,0,0.0,0.0,0.0,0.0,0.0,0.0,0.0,0.0,0.0,0.0,0.0,0.0,0.0,0,0.0
M,3535,Matheus Martins,6.5,6.5,Watford,61,4.0,61,3.0,61,3.7,61,3.2,61,3.8,61,3.7,61,3.0,61,0.0
D,2786,Matthew Pollock,5,5,Watford,0,0.0,0,0.0,0,0.0,0,0.0,0,0.0,0,0.0,0,0.0,0,0.0
F,3830,Rhys Healey,8,8,Watford,0,0.0,0.0,0.0,0.0,0.0,0.0,0.0,0.0,0.0,0.0,0.0,0.0,0.0,0,0.0
D,3587,Ryan Andrews,5,5,Watford,65,2.9,67.1,2.2,69.4,2.7,71.7,2.4,74.1,3.0,76.4,3.0,78.7,2.7,81,0.0
D,3553,Ryan Porteous,6,6,Watford,84,3.4,84.2,2.6,84.9,3.1,85.5,2.7,86.1,3.2,86.7,3.1,87.4,2.8,88,0.0
M,2815,Samuel Kalu,6.5,6.5,Watford,0,0.0,0.0,0.0,0.0,0.0,0.0,0.0,0.0,0.0,0.0,0.0,0.0,0.0,0,0.0
M,764,Thomas Ince,7,7,Watford,29,1.9,29,1.3,29,1.6,29,1.4,29,1.7,29,1.6,29,1.3,29,0.0
F,3537,Tobi Ademeyo,5.5,5.5,Watford,0,0.0,0.0,0.0,0.0,0.0,0.0,0.0,0.0,0.0,0.0,0.0,0.0,0.0,0,0.0
F,2722,Vakoun Bayo,7.5,7.5,Watford,57,4.5,53.1,2.6,49.8,3.2,46.4,2.4,43.1,3.0,39.7,2.6,36.4,1.7,33,0.0
D,3556,Wesley Hoedt,6,6,Watford,79,3.4,78.3,2.5,77.3,2.9,76.2,2.5,75.2,2.9,74.1,2.8,73.1,2.4,72,0.0
M,2760,Yaser Asprilla,6.5,6.5,Watford,49,2.6,46.1,1.8,43.4,2.0,40.7,1.7,38.1,1.9,35.4,1.7,32.7,1.3,30,0.0
M,725,Adam Reach,5.5,5.5,West Bromwich Albion,0,0.0,0.0,0.0,0.0,0.0,0.0,0.0,0.0,0.0,0.0,0.0,0.0,0.0,0,0.0
M,848,Alex Mowatt,6,6,West Bromwich Albion,0,0.0,0,0.0,0,0.0,0,0.0,0,0.0,0,0.0,0,0.0,0,0.0
G,1665,Alex Palmer,6,6,West Bromwich Albion,0,0.0,10.6,0.4,21.1,0.8,31.7,1.6,42.3,1.4,52.9,1.8,63.4,2.7,74,0.0
F,2795,Brandon Thomas-Asante,8,8,West Bromwich Albion,70,4.0,69.5,3.2,68.7,3.9,68.0,4.5,67.2,3.0,66.5,2.8,65.7,3.7,65,0.0
D,1511,Caleb Taylor,5,5,West Bromwich Albion,0,0.0,0,0.0,0,0.0,0,0.0,0,0.0,0,0.0,0,0.0,0,0.0
D,424,Cedric Kipre,5.5,5.5,West Bromwich Albion,57,2.5,57,2.1,57,2.4,57,3.2,57,2.1,57,2.1,57,2.6,57,0.0
D,382,Conor Townsend,6.5,6.5,West Bromwich Albion,73,4.4,75.2,3.6,77.0,4.4,78.8,6.0,80.6,3.9,82.4,3.8,84.2,5.1,86,0.0
D,379,Darnell Furlong,6,6,West Bromwich Albion,72,3.4,73.6,2.9,75.0,3.3,76.4,4.6,77.8,3.0,79.2,3.1,80.6,3.9,82,0.0
F,1421,Daryl Dike,8.5,8.5,West Bromwich Albion,0,0.0,8.0,0.5,16.0,1.3,24.0,2.1,32.0,2.0,40.0,2.4,48.0,3.8,56,0.0
G,1509,David Button,5,5,West Bromwich Albion,0,0.0,2.0,0.1,4.0,0.2,6.0,0.3,8.0,0.2,10.0,0.3,12.0,0.5,14,0.0
D,2813,Erik Pieters,6,6,West Bromwich Albion,0,0.0,11.9,0.4,23.7,0.8,35.6,1.7,47.4,1.5,59.3,1.9,71.1,2.8,83,0.0
M,393,Grady Diangana,7,7,West Bromwich Albion,0,0.0,6.7,0.3,13.4,0.8,20.1,1.4,26.9,1.3,33.6,1.5,40.3,2.3,47,0.0
M,323,Jayson Molumby,6,6,West Bromwich Albion,73,3.0,72.5,2.8,72.3,3.0,72.0,3.4,71.8,2.7,71.5,2.5,71.3,2.9,71,0.0
M,321,Jed Wallace,10,10,West Bromwich Albion,70,4.1,72.1,3.8,74.6,4.4,77.1,5.4,79.5,4.1,82.0,3.9,84.5,5.0,87,0.0
M,3073,Jeremy Leonel Sarmiento Morante,8,8,West Bromwich Albion,0,0.0,0.0,0.0,0.0,0.0,0.0,0.0,0.0,0.0,0.0,0.0,0.0,0.0,0,0.0
M,143,John Swift,10,10,West Bromwich Albion,68,5.2,68.1,4.8,68.3,5.2,68.4,5.9,68.6,4.8,68.7,4.6,68.9,5.3,69,0.0
F,1479,Josh Maja,8,8,West Bromwich Albion,0,0.0,0.0,0.0,0.0,0.0,0.0,0.0,0.0,0.0,0.0,0.0,0.0,0.0,0,0.0
G,3560,Joshua Griffiths,5.5,5.5,West Bromwich Albion,0,3.0,68.6,2.4,65.1,2.6,61.7,3.0,58.3,2.0,54.9,2.0,51.4,2.3,48,0.0
D,381,Kyle Bartley,5.5,5.5,West Bromwich Albion,63,0.0,2.9,0.1,5.7,0.3,8.6,0.6,11.4,0.5,14.3,0.6,17.1,1.0,20,0.0
M,387,Matt Phillips,6.5,6.5,West Bromwich Albion,0,3.4,62.8,3.1,63.0,3.4,63.2,4.1,63.4,3.0,63.6,2.9,63.8,3.5,64,0.0
M,991,Nathaniel Chalobah,5.5,5.5,West Bromwich Albion,69,0.0,7.1,0.2,14.3,0.4,21.4,0.7,28.6,0.9,35.7,1.0,42.9,1.3,50,0.0
M,1516,Okay Yokuşlu,6,6,West Bromwich Albion,70,2.6,70.5,2.6,71.7,2.7,73.0,3.2,74.2,2.6,75.5,2.6,76.7,2.9,78,0.0
D,403,Oluwasemilogo Adesewo Ibidapo Ajayi,5.5,5.5,West Bromwich Albion,0,3.3,66.4,2.6,62.9,2.8,59.3,3.6,55.7,2.2,52.1,2.0,48.6,2.4,45,0.0
M,1514,Taylor Gardner-Hickman,5.5,5.5,West Bromwich Albion,0,0.0,4.0,0.2,8.0,0.4,12.0,0.7,16.0,0.7,20.0,0.8,24.0,1.2,28,0.0